first_to_last_event_hours,event_Account History Transaction Details,event_Account Setup Profile Skip,event_Account Setup Skip,event_Add Payment Method Failed,event_Calculator Used,event_Calculator View,event_Chat Conversation Started,event_Email Confirmation Success,event_NonPremium_order,event_Premium_order,event_Subscription Premium,event_Subscription Premium Cancel,event_Subscription Premium Renew,event_Transaction Refund,event_Wallet Opened,event_add_vehicle_permanently,event_add_vehicle_temporary,event_chat_opened_from_,event_chat_opened_from_Dashboard,event_chat_opened_from_Deeplink,event_chat_opened_from_Menu,event_chat_opened_from_Transaction Details,event_payment_method_added_Credit,event_payment_method_added_Debit,event_payment_method_added_PayPal,event_payment_method_added_Venmo,event_sign_out_Auto,event_sign_out_Manual,Apple,Google,Other,samsung,signed_up_before2022,sign_up_Apple,sign_up_Email,sign_up_Facebook,sign_up_Google,no_card_added,didnt_try_adding_vehicle,gave_up_adding_vehicle,subscribed_for_1_month_only
726,2,0,0,0,0,0,0,0,0,0,1,0,1,0.0,0,1,0,0,0,0,0,0,0,1,0,0,0,0,0,0,0,1,1,0,0,0,0,0,0,0,0
403,0,0,0,0,0,0,0,0,0,3,1,0,0,0.0,0,1,0,0,0,0,0,0,0,0,2,0,0,0,0,0,0,1,0,0,0,0,1,0,0,0,1
17,0,0,0,0,0,0,1,0,0,0,1,0,0,0.0,0,0,1,0,2,0,2,0,0,1,0,0,0,0,1,0,0,0,0,0,0,0,1,0,0,0,1
1393,0,0,0,1,0,0,0,1,0,0,1,0,2,0.0,0,1,0,0,0,0,0,0,0,1,0,0,0,0,1,0,0,0,1,0,0,0,0,0,0,0,0
661,2,0,0,0,0,0,0,0,0,0,1,0,0,0.0,0,1,0,0,0,0,0,0,0,1,0,0,0,0,0,0,1,0,0,0,0,0,1,0,0,0,1
721,0,0,1,0,0,0,1,1,0,0,1,0,1,0.0,0,1,0,0,0,0,10,0,0,1,0,0,0,0,1,0,0,0,0,0,1,0,0,0,0,0,0
713,0,0,0,0,0,0,1,0,0,0,1,0,1,0.0,0,1,0,0,0,0,0,0,0,1,0,0,0,0,0,0,1,0,0,0,0,0,1,0,0,0,0
70,2,0,0,0,0,2,1,1,0,0,1,1,0,0.0,0,1,0,0,0,0,1,0,0,1,0,0,0,0,1,0,0,0,0,0,1,0,0,0,0,0,1
1395,1,0,0,0,0,0,0,1,0,2,1,0,2,0.0,3,1,0,0,0,0,0,0,0,1,0,0,0,0,1,0,0,0,0,0,1,0,0,0,0,0,0
994,0,0,0,0,0,0,0,1,0,6,1,0,0,0.0,0,1,0,0,0,0,0,0,1,0,0,0,0,0,1,0,0,0,0,0,1,0,0,0,0,0,1
4,5,0,0,0,0,0,0,0,0,0,1,0,0,0.0,1,3,0,0,0,0,0,0,0,1,0,0,0,0,1,0,0,0,0,0,0,0,1,0,0,0,1
110,0,0,0,0,0,1,0,0,0,0,1,1,0,0.0,1,1,0,0,0,0,0,0,0,1,0,0,0,0,1,0,0,0,0,0,0,0,1,0,0,0,1
375,4,0,0,0,0,0,0,0,0,2,1,1,0,0.0,2,1,0,0,0,0,0,0,0,1,0,0,0,0,1,0,0,0,0,1,0,0,0,0,0,0,1
264,0,0,0,0,0,0,0,0,0,0,1,0,0,0.0,1,1,0,0,0,0,0,0,0,1,0,0,0,0,0,0,1,0,0,0,0,0,1,0,0,0,1
29,1,0,0,0,0,0,0,0,0,0,1,0,0,0.0,0,1,0,0,0,0,0,0,0,1,0,0,0,0,1,0,0,0,0,1,0,0,0,0,0,0,1
762,0,0,0,0,0,0,1,0,0,0,1,1,0,0.0,1,1,0,0,0,10,0,0,0,1,0,0,0,0,1,0,0,0,0,0,0,0,1,0,0,0,1
2061,2,0,0,0,0,0,0,0,0,128,1,0,1,0.0,2,1,0,0,0,0,0,0,0,1,0,0,0,3,0,0,0,1,0,0,1,0,0,0,0,0,0
39,0,1,0,0,0,3,1,0,0,0,1,0,0,0.0,4,1,0,0,0,0,2,0,0,1,0,0,0,0,1,0,0,0,0,1,0,0,0,0,0,0,1
220,0,0,0,0,0,3,1,0,0,1,1,0,0,0.0,3,1,0,0,0,0,1,0,1,0,0,0,0,0,0,0,0,1,1,0,0,0,0,0,0,0,1
235,5,1,0,0,0,0,0,0,1,0,1,0,0,0.0,1,1,0,0,0,0,0,0,1,0,0,0,0,0,1,0,0,0,0,1,0,0,0,0,0,0,1
857,2,1,0,0,0,0,0,0,0,0,1,0,0,0.0,0,1,0,0,0,0,0,0,1,0,0,0,0,0,1,0,0,0,0,0,0,0,1,0,0,0,1
111,0,0,0,0,0,0,1,0,0,2,1,1,0,0.0,1,1,0,0,0,0,1,0,1,0,0,0,0,0,1,0,0,0,0,1,0,0,0,0,0,0,1
1554,0,0,0,0,0,0,0,0,0,51,1,0,0,0.0,0,1,0,0,0,0,0,0,0,1,0,0,0,0,1,0,0,0,0,0,0,0,1,0,0,0,1
841,0,0,0,0,0,0,0,0,0,0,1,0,1,0.0,0,1,0,0,0,0,0,0,0,1,0,0,0,7,1,0,0,0,0,1,0,0,0,0,0,0,0
607,0,0,0,0,0,2,0,1,0,129,1,0,0,0.0,1,1,0,0,0,0,0,0,0,1,0,0,0,0,0,0,0,1,0,0,1,0,0,0,0,0,1
1146,0,0,0,0,0,0,0,1,0,14,1,0,1,0.0,0,1,0,0,0,0,0,0,0,1,0,0,1,0,1,0,0,0,0,0,1,0,0,0,0,0,0
1116,9,0,0,0,0,0,0,0,0,0,1,0,0,0.0,6,2,0,0,0,0,0,0,1,0,0,0,1,0,1,0,0,0,0,0,0,0,1,0,0,0,1
656,5,0,0,0,0,2,0,1,0,4,1,0,1,0.0,4,1,0,0,0,0,0,0,0,1,0,0,0,0,1,0,0,0,0,0,1,0,0,0,0,0,0
788,1,0,0,0,0,1,1,1,0,0,1,1,0,0.0,1,1,0,0,0,0,3,1,0,2,0,0,0,0,1,0,0,0,0,0,1,0,0,0,0,0,1
782,5,0,0,0,0,0,0,0,0,0,1,0,0,0.0,2,1,0,0,0,0,0,0,0,1,0,0,0,1,1,0,0,0,0,0,0,0,1,0,0,0,1
574,1,0,1,0,0,0,1,0,0,1,1,1,0,0.0,5,1,0,0,0,0,5,0,0,1,0,0,0,0,1,0,0,0,0,1,0,0,0,0,0,0,1
719,15,0,0,1,0,0,0,0,0,3,1,0,1,0.0,0,0,1,0,0,0,0,0,0,1,0,0,0,0,0,0,0,1,0,0,0,0,1,0,0,0,0
722,1,0,0,0,0,0,0,0,0,60,1,0,0,0.0,1,1,0,0,0,0,0,2,0,1,1,0,0,0,1,0,0,0,0,0,0,0,1,0,0,0,1
610,1,0,0,0,0,4,1,1,0,5,1,1,0,0.0,3,1,0,0,0,0,1,0,0,1,0,0,0,0,1,0,0,0,0,0,1,0,0,0,0,0,1
118,0,0,0,0,6,7,0,0,0,0,1,0,0,0.0,2,1,0,0,0,0,0,0,0,1,0,0,0,0,1,0,0,0,0,1,0,0,0,0,0,0,1
1238,5,0,0,2,0,1,1,0,1,0,1,1,0,29.990000000000002,5,1,0,2,0,0,8,0,0,3,0,0,0,0,1,0,0,0,0,1,0,0,0,0,0,0,1
1375,1,0,0,0,0,0,0,1,2,2,1,0,0,0.0,0,1,0,0,0,0,0,0,1,0,0,0,0,0,1,0,0,0,0,0,1,0,0,0,0,0,1
495,0,0,0,0,0,0,0,0,0,1,1,0,0,0.0,0,1,0,0,0,0,0,0,0,1,0,0,0,0,0,0,0,1,0,0,0,0,1,0,0,0,1
1226,1,0,0,0,0,0,3,0,0,0,1,1,1,0.0,3,1,1,0,0,0,1,0,0,1,0,0,0,0,0,0,1,0,0,0,0,0,1,0,0,0,0
765,3,0,0,0,0,1,1,1,0,0,1,0,1,0.0,4,1,0,0,0,0,2,1,0,1,0,0,0,0,1,0,0,0,0,0,1,0,0,0,0,0,0
1168,4,0,0,0,0,0,10,0,0,0,1,1,0,0.0,1,1,0,0,0,0,0,2,1,0,0,0,0,0,0,0,0,1,0,0,0,0,1,0,0,0,1
39,0,0,0,1,0,0,0,0,0,2,1,0,0,0.0,0,1,0,0,0,0,0,0,0,1,0,0,0,0,0,0,0,1,0,0,0,0,1,0,0,0,1
487,1,0,0,0,0,1,1,0,0,0,1,1,0,0.0,3,1,0,0,0,0,2,1,0,1,0,0,0,0,1,0,0,0,0,0,0,0,1,0,0,0,1
0,0,0,0,1,0,0,1,0,0,0,1,0,0,0.0,0,1,0,0,0,0,1,0,0,1,0,0,0,0,0,0,0,1,1,0,0,0,0,0,0,0,1
265,1,0,0,0,0,0,1,1,0,0,1,1,0,20.0,1,2,0,0,0,0,2,0,0,1,0,0,0,0,1,0,0,0,0,0,1,0,0,0,0,0,1
797,3,0,0,0,0,1,1,0,0,0,1,0,0,0.0,1,1,0,0,0,0,2,1,0,1,0,0,0,0,1,0,0,0,0,0,0,0,1,0,0,0,1
1150,3,0,0,0,0,3,3,1,0,0,1,1,0,0.0,9,1,0,0,8,0,6,0,1,0,0,0,0,0,1,0,0,0,0,0,1,0,0,0,0,0,1
0,1,0,0,0,0,0,0,0,0,0,1,0,0,0.0,0,1,0,0,0,0,0,0,0,1,0,0,0,0,1,0,0,0,0,1,0,0,0,0,0,0,1
648,0,0,0,0,0,0,0,0,0,2,1,0,1,0.0,0,0,0,0,0,0,0,0,0,0,0,0,0,0,0,0,0,0,1,0,0,0,0,1,1,0,0
1028,8,0,0,0,0,5,0,0,0,0,1,0,0,0.0,24,1,0,0,0,0,2,0,0,1,0,0,0,0,1,0,0,0,0,0,0,1,0,0,0,0,1
1086,0,1,0,0,0,1,0,0,0,0,1,0,0,0.0,0,1,0,0,0,0,0,0,0,1,0,0,1,0,1,0,0,0,0,0,0,0,1,0,0,0,1
849,5,0,0,0,0,0,1,0,4,9,1,0,0,0.0,0,1,0,0,0,0,4,0,0,1,0,0,0,0,1,0,0,0,0,0,0,0,1,0,0,0,1
19,0,0,0,0,0,0,0,0,0,0,1,0,0,0.0,0,1,0,0,0,0,0,0,0,1,0,0,0,0,1,0,0,0,0,1,0,0,0,0,0,0,1
537,0,0,0,0,0,0,0,1,0,48,1,0,0,0.0,0,1,0,0,0,0,0,0,0,1,0,0,0,0,1,0,0,0,0,0,1,0,0,0,0,0,1
654,0,0,0,0,0,0,0,0,0,0,1,0,1,0.0,1,1,0,0,0,0,1,0,0,1,0,0,0,0,1,0,0,0,0,0,0,0,1,0,0,0,0
717,0,0,0,0,0,0,0,0,0,14,1,0,1,0.0,3,1,0,0,0,0,0,0,0,2,0,0,0,0,1,0,0,0,0,1,0,0,0,0,0,0,0
730,1,0,0,0,0,0,12,1,0,0,1,1,0,0.0,1,1,0,0,0,0,5,0,0,0,1,0,0,0,0,0,0,1,0,0,1,0,0,0,0,0,1
715,3,0,0,0,0,0,0,0,1,12,1,0,0,0.0,5,1,0,0,0,0,0,0,1,2,0,0,0,0,0,0,1,0,0,0,0,0,1,0,0,0,1
1870,5,0,0,0,0,1,2,0,0,5,1,1,1,0.0,5,1,0,0,0,0,1,1,0,1,0,0,0,3,0,0,0,1,0,0,1,0,0,0,0,0,0
115,0,0,0,0,0,0,0,1,0,1,1,0,0,0.0,0,1,0,0,0,0,0,0,1,0,0,0,0,0,1,0,0,0,0,0,1,0,0,0,0,0,1
541,1,0,0,0,0,0,0,0,0,1,1,0,0,0.0,0,1,0,0,0,0,0,0,0,1,0,0,0,0,1,0,0,0,0,0,0,0,1,0,0,0,1
450,2,0,0,0,0,1,1,0,0,0,1,0,0,0.0,0,3,0,0,2,0,0,0,0,1,0,0,0,0,0,0,0,1,0,0,0,0,1,0,0,0,1
0,1,0,0,3,0,1,0,0,0,0,1,0,0,0.0,1,1,0,0,0,0,0,0,0,1,0,0,0,0,0,0,1,0,0,0,0,0,1,0,0,0,1
741,5,0,0,0,0,0,0,0,0,5,1,0,1,0.0,3,1,0,0,0,0,1,0,0,1,0,0,0,0,1,0,0,0,0,1,0,0,0,0,0,0,0
0,0,0,0,0,0,0,0,1,0,0,1,0,0,0.0,0,1,0,0,0,0,0,0,0,1,0,0,0,0,0,0,0,1,0,0,1,0,0,0,0,0,1
922,0,0,0,0,0,0,0,0,0,2,1,0,0,0.0,0,2,0,0,0,0,0,0,1,0,0,0,0,0,1,0,0,0,0,0,0,0,1,0,0,0,1
1097,4,0,0,0,0,1,0,0,0,3,1,0,1,0.0,0,1,0,0,0,0,0,0,0,1,0,0,0,1,0,0,0,1,0,0,1,0,0,0,0,0,0
84,3,0,0,0,0,1,1,0,0,0,1,0,0,0.0,1,1,0,0,0,0,2,0,0,1,0,0,0,0,0,0,0,1,0,0,0,0,1,0,0,0,1
37,3,0,0,0,1,1,0,0,0,2,1,0,0,0.0,0,1,0,0,0,0,0,1,0,1,0,0,0,0,0,0,0,1,0,0,0,0,1,0,0,0,1
1781,16,0,0,0,2,1,0,1,0,6,1,0,1,0.0,1,1,0,0,0,0,0,1,0,1,0,0,0,0,1,0,0,0,0,1,0,0,0,0,0,0,0
776,1,0,0,0,0,1,1,1,0,1,1,0,0,0.0,1,0,1,0,0,0,2,0,1,0,0,0,0,0,1,0,0,0,0,0,1,0,0,0,0,0,1
118,2,0,0,1,0,0,0,0,0,0,1,1,0,0.0,1,1,0,0,0,0,0,0,0,1,0,0,0,0,1,0,0,0,0,0,0,1,0,0,0,0,1
1337,4,0,0,0,0,0,0,1,0,12,1,0,0,0.0,2,1,0,0,0,0,0,0,0,0,0,1,0,0,1,0,0,0,0,0,1,0,0,0,0,0,1
407,5,0,0,0,0,1,1,0,0,1,1,0,0,0.0,7,1,0,0,4,0,1,0,0,1,0,0,0,0,1,0,0,0,0,1,0,0,0,0,0,0,1
1166,1,0,0,0,0,0,0,0,0,2,1,0,1,0.0,3,1,0,0,0,0,0,0,0,2,0,0,0,0,1,0,0,0,0,0,0,0,1,0,0,0,0
0,0,0,0,0,0,0,0,1,0,0,1,0,0,0.0,0,1,0,0,0,0,0,0,1,0,0,0,0,0,1,0,0,0,0,0,1,0,0,0,0,0,1
1142,0,0,0,0,0,0,6,0,0,0,1,1,0,0.0,2,0,1,0,0,0,0,0,0,1,0,0,1,0,0,0,0,1,0,0,0,0,1,0,0,0,1
362,4,0,0,0,0,0,10,0,0,0,1,0,0,0.0,3,3,0,0,0,0,8,1,1,0,0,0,0,0,0,0,0,1,0,0,0,1,0,0,0,0,1
93,2,0,0,0,0,2,2,0,0,0,1,1,0,0.0,2,1,0,0,0,0,0,1,1,0,0,0,0,0,0,0,0,1,1,0,0,0,0,0,0,0,1
773,9,0,0,0,0,1,1,1,3,1,1,1,0,0.0,2,1,0,0,3,0,0,2,0,0,0,1,0,0,1,0,0,0,0,0,0,0,1,0,0,0,1
1701,27,0,0,0,0,0,0,0,0,72,1,0,0,0.0,46,1,0,0,0,0,0,0,0,1,0,0,0,0,0,0,0,1,0,0,0,0,1,0,0,0,1
782,0,0,0,0,0,0,1,0,0,0,1,1,0,0.0,1,1,0,0,0,0,3,0,1,0,0,0,0,0,1,0,0,0,1,0,0,0,0,0,0,0,1
782,5,0,0,0,0,0,1,0,0,0,1,1,1,0.0,0,1,0,0,0,0,3,0,0,0,1,0,0,0,1,0,0,0,0,0,0,0,1,0,0,0,0
60,0,0,0,0,0,0,0,0,0,2,1,0,0,0.0,0,1,0,0,0,0,0,0,0,0,0,1,0,0,1,0,0,0,0,1,0,0,0,0,0,0,1
650,0,0,0,0,0,0,0,1,0,1,1,0,1,0.0,0,1,0,0,0,0,0,0,0,0,1,0,0,0,1,0,0,0,0,0,1,0,0,0,0,0,0
648,0,0,0,0,0,0,0,0,0,0,1,0,1,0.0,0,1,0,0,0,0,0,0,1,0,0,0,0,0,0,0,0,1,0,0,1,0,0,0,0,0,0
386,3,0,0,1,0,0,0,0,1,2,1,0,0,0.0,0,1,0,0,0,0,0,0,0,1,0,0,0,0,1,0,0,0,0,1,0,0,0,0,0,0,1
34,1,0,0,0,0,1,0,0,0,1,1,0,0,0.0,0,1,0,0,2,0,0,0,0,1,0,0,0,0,1,0,0,0,0,1,0,0,0,0,0,0,1
528,13,0,0,0,10,4,0,0,0,2,1,0,0,0.0,1,2,0,0,0,0,1,0,0,1,0,0,0,0,1,0,0,0,0,0,0,0,1,0,0,0,1
195,1,0,0,0,0,0,0,0,0,2,1,1,0,0.0,1,0,1,0,0,0,0,0,0,0,1,0,0,0,0,0,0,1,0,0,0,0,1,0,0,0,1
0,0,0,0,0,0,0,0,1,0,0,1,0,0,0.0,0,1,0,0,0,0,0,0,1,0,0,0,0,0,1,0,0,0,0,0,1,0,0,0,0,0,1
0,0,0,0,0,1,1,0,0,0,0,1,0,0,0.0,0,1,0,0,0,0,0,0,1,0,0,0,0,0,1,0,0,0,0,1,0,0,0,0,0,0,1
1843,3,0,0,0,0,0,0,1,1,19,1,0,1,0.0,1,1,0,0,0,0,1,0,0,1,0,0,0,0,1,0,0,0,0,1,0,0,0,0,0,0,0
291,1,0,0,0,0,0,2,1,0,0,1,1,0,0.0,1,0,1,0,0,0,4,0,0,0,1,0,0,0,1,0,0,0,0,0,1,0,0,0,0,0,1
654,3,0,0,1,0,0,0,0,0,0,1,0,0,0.0,0,3,0,0,0,0,0,0,0,1,0,0,0,2,0,0,0,1,0,0,0,0,1,0,0,0,1
0,0,0,0,0,0,0,0,0,0,0,1,0,0,0.0,0,1,0,0,0,0,0,0,1,0,0,0,0,0,1,0,0,0,0,1,0,0,0,0,0,0,1
0,0,0,0,0,0,0,0,0,0,0,1,0,0,0.0,0,1,0,0,0,0,0,0,1,0,0,0,0,0,1,0,0,0,0,0,0,0,1,0,0,0,1
1524,5,0,0,0,0,0,0,0,0,0,1,0,2,0.0,0,1,0,0,0,0,0,0,0,1,0,0,0,0,1,0,0,0,0,1,0,0,0,0,0,0,0
1089,3,1,0,0,0,0,0,0,0,4,1,0,1,0.0,0,3,0,0,0,0,0,0,1,0,0,0,0,0,0,0,1,0,0,0,0,0,1,0,0,0,0
1813,0,0,1,0,0,0,0,0,0,0,1,0,0,0.0,0,1,0,0,0,0,0,0,0,0,1,0,0,0,1,0,0,0,0,0,0,0,1,0,0,0,1
1215,4,1,0,0,0,0,1,0,0,7,1,1,0,34.29,0,1,0,0,0,0,0,1,0,1,0,0,0,0,1,0,0,0,0,0,0,1,0,0,0,0,1
1436,0,0,0,0,0,0,0,0,0,5,1,0,0,0.0,0,1,2,0,0,0,0,0,0,0,1,0,0,1,0,0,1,0,1,0,0,0,0,0,0,0,1
824,4,0,0,0,0,0,1,0,0,1,1,1,0,0.0,3,1,0,0,1,0,4,0,0,1,0,0,0,0,1,0,0,0,0,0,0,0,1,0,0,0,1
138,1,0,0,0,0,1,1,1,0,1,1,1,0,0.0,4,1,0,0,0,1,3,0,1,0,0,0,0,0,1,0,0,0,0,0,1,0,0,0,0,0,1
905,4,0,0,0,0,0,0,0,0,4,1,0,1,0.0,0,1,0,0,0,0,0,0,0,1,0,0,0,0,1,0,0,0,0,0,0,0,1,0,0,0,0
144,1,0,0,0,0,1,1,0,0,0,1,1,0,50.0,0,1,0,0,0,0,1,1,1,0,0,0,0,0,1,0,0,0,0,0,0,0,1,0,0,0,1
626,17,0,0,0,0,3,0,0,0,2,1,0,0,0.0,6,1,0,0,0,0,0,0,3,0,0,0,0,1,0,0,0,1,0,0,0,0,1,0,0,0,1
938,0,0,0,0,0,0,0,0,0,0,1,1,1,0.0,0,0,0,0,0,0,0,0,1,0,0,0,0,1,1,0,0,0,1,0,0,0,0,0,0,1,0
900,1,0,0,0,1,1,0,0,0,23,1,0,1,0.0,2,1,0,0,0,0,0,0,0,1,0,0,0,0,1,0,0,0,0,1,0,0,0,0,0,0,0
23,1,0,0,0,0,1,0,1,0,0,1,0,0,0.0,2,1,0,0,1,0,0,0,0,1,0,0,0,0,1,0,0,0,0,0,1,0,0,0,0,0,1
1396,0,0,0,0,0,0,0,0,0,0,1,0,2,0.0,0,1,0,0,0,0,0,0,0,1,0,0,0,0,1,0,0,0,0,0,0,0,1,0,0,0,0
49,1,0,0,0,0,0,8,0,0,0,1,1,0,0.0,1,1,0,0,0,0,1,1,0,0,1,0,0,0,0,0,0,1,0,0,0,0,1,0,0,0,1
1395,1,0,0,0,0,1,0,0,0,12,1,0,0,0.0,1,1,0,0,0,0,0,0,0,1,0,0,0,0,1,0,0,0,0,1,0,0,0,0,0,0,1
712,0,0,0,0,0,0,1,0,0,5,1,1,0,0.0,0,1,0,0,0,0,1,0,0,0,1,0,0,0,1,0,0,0,0,0,0,1,0,0,0,0,1
1666,2,0,0,0,0,1,1,0,0,0,1,0,1,0.0,1,1,0,0,0,1,1,0,0,1,0,0,0,0,1,0,0,0,0,0,0,0,1,0,0,0,0
24,0,0,0,2,0,0,0,1,0,0,1,0,0,0.0,0,1,0,0,0,0,0,0,0,1,0,0,0,0,1,0,0,0,0,0,1,0,0,0,0,0,1
1949,33,0,0,0,0,2,12,0,0,96,1,0,1,0.0,1,4,0,0,0,0,4,1,0,1,0,0,0,0,0,0,1,0,0,0,0,0,1,0,0,0,0
100,5,1,0,3,0,0,0,1,0,3,1,0,0,0.0,0,1,0,0,0,0,0,0,0,1,0,0,0,0,1,0,0,0,0,0,1,0,0,0,0,0,1
14,0,0,0,1,0,2,0,0,0,0,1,0,0,0.0,1,2,0,0,0,0,0,0,0,1,0,0,0,0,0,0,0,1,0,0,0,0,1,0,0,0,1
1396,0,0,0,0,0,0,0,1,0,4,1,0,2,0.0,0,1,0,0,0,0,0,0,0,1,0,0,0,0,1,0,0,0,0,0,1,0,0,0,0,0,0
491,0,0,0,1,0,0,5,0,0,0,1,1,0,0.0,1,1,0,0,0,0,0,0,0,1,0,0,0,2,0,0,1,0,0,0,0,0,1,0,0,0,1
1315,2,0,0,0,0,0,13,0,2,3,1,1,0,0.0,6,1,0,0,0,0,4,0,0,2,0,0,1,0,0,0,0,1,0,0,0,0,1,0,0,0,1
228,0,0,0,0,0,2,1,1,0,1,1,0,0,0.0,0,2,0,0,2,0,2,0,0,1,0,0,0,0,1,0,0,0,0,0,0,0,1,0,0,0,1
207,1,0,0,0,0,0,3,0,0,1,1,1,0,0.0,1,1,0,0,0,0,0,0,1,0,0,0,0,1,0,0,0,1,0,0,0,0,1,0,0,0,1
0,0,0,0,0,0,0,0,1,0,0,1,0,0,0.0,0,1,0,0,0,0,0,0,1,0,0,0,0,0,0,0,0,1,0,0,1,0,0,0,0,0,1
743,0,0,0,0,0,0,1,0,0,0,1,1,0,0.0,0,1,0,0,0,0,1,0,0,0,0,1,0,0,1,0,0,0,0,0,0,0,1,0,0,0,1
795,0,0,0,0,0,0,0,0,0,1,1,0,1,0.0,0,1,0,0,0,0,0,0,0,2,0,0,0,0,1,0,0,0,0,0,0,1,0,0,0,0,0
0,0,0,0,0,0,0,0,0,0,0,1,0,0,0.0,0,1,0,0,0,0,0,0,0,0,0,1,0,0,1,0,0,0,0,0,0,0,1,0,0,0,1
175,1,0,0,0,0,0,0,0,0,3,1,0,0,0.0,0,1,0,0,0,0,0,0,0,1,0,0,0,1,1,0,0,0,0,1,0,0,0,0,0,0,1
726,0,0,0,0,0,0,0,0,0,0,1,0,1,0.0,0,1,0,0,0,0,0,0,1,0,0,0,0,0,0,0,0,1,0,0,0,0,1,0,0,0,0
197,0,0,0,0,0,0,0,0,0,0,1,0,0,0.0,1,1,0,0,0,0,0,0,0,1,0,0,0,0,0,0,0,1,0,0,0,0,1,0,0,0,1
160,2,1,0,0,1,2,1,0,0,1,1,0,0,0.0,3,1,0,0,3,0,0,1,1,0,0,0,0,0,0,0,0,1,0,0,0,0,1,0,0,0,1
204,1,0,0,0,1,3,0,1,0,2,1,0,0,0.0,1,1,0,0,0,0,0,0,0,0,1,0,0,0,0,0,1,0,0,0,1,0,0,0,0,0,1
220,0,0,0,1,0,0,0,0,0,1,1,0,0,0.0,0,1,0,0,0,0,0,0,0,1,0,0,0,1,0,0,0,1,0,0,0,0,1,0,0,0,1
821,2,0,0,0,0,0,1,0,5,2,1,1,0,0.0,5,1,0,0,0,0,1,0,0,1,0,0,0,0,0,0,1,0,0,0,0,0,1,0,0,0,1
0,0,0,0,1,0,0,0,0,0,0,1,0,0,0.0,0,1,0,0,0,0,0,0,0,1,0,0,0,0,0,0,1,0,0,0,0,0,1,0,0,0,1
0,0,1,0,0,0,0,0,0,0,0,1,0,0,0.0,0,1,0,0,0,0,0,0,0,1,0,0,0,0,0,0,1,0,0,0,0,0,1,0,0,0,1
147,1,0,0,0,0,0,0,0,0,0,1,0,0,0.0,2,2,0,0,0,0,0,1,0,0,1,0,0,0,1,0,0,0,0,0,0,1,0,0,0,0,1
24,2,0,0,0,0,0,0,0,0,0,1,0,0,0.0,0,0,1,0,0,0,0,0,0,0,0,1,0,0,1,0,0,0,0,0,0,1,0,0,0,0,1
652,1,0,0,0,0,0,0,0,0,0,1,0,1,0.0,0,1,0,0,0,0,0,0,0,1,0,0,0,0,0,0,1,0,0,0,0,0,1,0,0,0,0
305,0,0,0,1,0,1,0,0,0,3,1,0,0,0.0,6,1,0,0,0,0,0,0,0,0,0,0,0,0,1,0,0,0,0,0,0,0,1,1,0,0,1
77,3,0,1,0,0,2,0,0,0,0,1,0,0,0.0,1,1,0,0,0,0,1,1,0,1,0,0,1,0,1,0,0,0,0,1,0,0,0,0,0,0,1
745,0,0,0,0,0,0,1,0,0,3,1,1,0,0.0,0,1,0,0,0,0,1,0,0,1,0,0,0,0,1,0,0,0,0,1,0,0,0,0,0,0,1
1047,4,0,0,0,0,0,2,0,0,0,1,1,0,0.0,3,1,0,0,0,0,5,0,0,1,0,0,0,0,1,0,0,0,0,1,0,0,0,0,0,0,1
0,0,0,0,0,0,0,0,0,0,0,1,0,0,0.0,0,1,0,0,0,0,0,0,0,1,0,0,0,0,1,0,0,0,0,1,0,0,0,0,0,0,1
93,0,0,0,0,0,0,0,1,0,2,1,0,0,0.0,0,1,0,0,0,0,0,0,0,1,0,0,0,0,1,0,0,0,0,0,1,0,0,0,0,0,1
732,0,0,0,0,0,1,0,0,0,0,1,0,1,0.0,0,1,0,0,0,0,1,0,0,1,0,0,0,0,1,0,0,0,0,1,0,0,0,0,0,0,0
907,5,1,0,0,0,2,1,0,0,6,1,1,0,0.0,9,1,0,0,7,0,10,1,0,0,1,0,0,0,1,0,0,0,0,0,0,0,1,0,0,0,1
884,0,1,0,0,0,0,0,1,0,0,1,1,1,0.0,2,1,0,0,0,0,0,0,0,0,1,0,0,0,1,0,0,0,0,0,1,0,0,0,0,0,0
726,0,0,0,0,0,0,0,0,0,0,1,0,1,0.0,0,1,0,0,0,0,0,0,1,0,0,0,0,0,1,0,0,0,0,0,0,0,1,0,0,0,0
1229,0,0,0,0,0,0,0,0,0,11,1,0,0,0.0,0,1,0,0,0,0,0,0,0,1,0,0,0,0,1,0,0,0,0,0,0,0,1,0,0,0,1
721,1,0,0,0,0,1,0,0,0,23,1,0,0,0.0,2,2,0,0,0,0,0,0,0,1,1,0,0,0,1,0,0,0,0,0,0,0,1,0,0,0,1
318,0,0,0,0,0,0,0,0,0,0,1,0,0,0.0,0,2,0,0,2,0,0,0,0,1,0,0,0,0,1,0,0,0,0,1,0,0,0,0,0,0,1
74,6,0,0,0,0,4,4,0,0,0,1,0,0,0.0,2,0,1,0,0,0,1,1,0,0,1,0,0,0,0,0,0,1,0,0,0,0,1,0,0,0,1
634,3,1,0,0,0,0,0,0,0,4,1,1,0,0.0,1,1,0,0,0,0,0,1,0,2,0,0,0,0,1,0,0,0,0,0,0,0,1,0,0,0,1
627,4,0,0,0,0,0,1,0,0,1,1,1,0,0.0,4,2,0,0,0,0,2,0,1,0,0,0,0,0,1,0,0,0,0,0,0,0,1,0,0,0,1
1296,1,0,0,0,1,2,0,0,0,12,1,0,0,0.0,8,1,3,0,0,0,0,1,1,0,0,0,0,0,1,0,0,0,0,0,0,0,1,0,0,0,1
4,1,0,0,0,0,0,0,0,0,0,1,0,0,0.0,0,1,0,0,0,0,0,0,0,0,0,1,0,0,1,0,0,0,0,1,0,0,0,0,0,0,1
653,0,0,0,0,2,1,0,1,0,0,1,0,1,0.0,1,1,0,0,0,0,0,0,1,0,0,0,0,0,0,0,1,0,0,0,1,0,0,0,0,0,0
0,0,0,0,0,0,0,0,0,0,0,1,0,0,0.0,0,1,0,0,0,0,0,0,0,0,1,0,0,0,0,0,0,1,0,0,0,0,1,0,0,0,1
0,1,0,0,0,0,0,0,0,0,0,1,0,0,0.0,0,1,0,0,0,0,0,0,0,0,1,0,0,0,0,0,0,1,0,0,0,0,1,0,0,0,1
722,1,0,0,1,0,1,0,1,0,0,1,0,1,0.0,4,1,0,0,0,0,1,0,0,1,0,0,0,0,1,0,0,0,0,0,1,0,0,0,0,0,0
900,0,1,0,0,0,0,0,0,0,12,1,0,1,0.0,0,1,0,0,0,0,0,0,0,0,1,0,0,0,1,0,0,0,0,0,0,0,1,0,0,0,0
823,0,0,0,0,0,0,7,0,0,0,1,1,0,0.0,0,1,0,0,0,1,5,0,1,0,0,0,0,0,0,0,0,1,0,0,0,0,1,0,0,0,1
1407,0,0,0,0,0,0,0,0,0,0,1,0,2,0.0,2,1,0,0,0,0,0,0,0,2,0,0,0,0,1,0,0,0,0,0,0,1,0,0,0,0,0
342,1,0,0,0,0,0,0,0,0,2,1,0,0,0.0,2,2,0,0,0,0,0,0,1,0,0,0,0,0,1,0,0,0,0,1,0,0,0,0,0,0,1
750,3,0,0,1,0,1,1,0,0,4,1,0,1,0.0,4,1,0,0,0,0,5,0,0,2,0,0,0,0,1,0,0,0,0,1,0,0,0,0,0,0,0
1171,1,0,0,0,0,0,0,1,0,10,1,0,1,0.0,1,1,0,0,0,0,0,0,0,1,0,0,0,0,1,0,0,0,0,0,1,0,0,0,0,0,0
1071,6,0,0,0,0,0,4,0,1,4,1,1,0,0.0,1,2,0,0,0,0,0,0,0,1,0,0,0,0,0,1,0,0,0,0,0,0,1,0,0,0,1
730,0,0,0,0,0,0,0,0,0,0,1,0,1,0.0,0,0,1,0,0,0,0,0,1,0,0,0,0,0,1,0,0,0,0,1,0,0,0,0,0,0,0
1277,0,0,0,0,0,1,0,0,0,0,1,0,1,0.0,0,1,0,0,0,0,0,0,1,0,0,0,0,0,0,0,0,1,0,0,0,0,1,0,0,0,0
1073,11,0,0,0,0,3,4,0,0,10,1,0,0,0.0,3,1,0,0,0,0,1,2,0,2,0,0,0,3,0,0,0,1,0,0,0,0,1,0,0,0,1
1501,1,0,0,0,0,0,2,1,0,0,1,1,1,0.0,8,1,0,0,0,0,6,0,0,1,0,0,14,0,1,0,0,0,0,1,0,0,0,0,0,0,0
1416,1,0,0,0,0,0,10,0,0,6,1,1,1,26.17,2,0,0,0,0,0,5,0,0,0,1,0,0,1,0,0,1,0,1,0,0,0,0,0,1,0,0
1325,0,0,0,0,0,0,0,0,0,3,1,0,1,0.0,0,1,0,0,0,0,0,0,0,1,0,0,0,0,1,0,0,0,0,0,0,0,1,0,0,0,0
508,2,0,0,0,0,2,0,1,1,1,1,0,0,0.0,1,2,0,0,0,0,0,0,0,1,0,0,0,3,0,0,0,1,0,0,1,0,0,0,0,0,1
429,3,0,0,0,0,1,2,0,0,0,1,1,0,0.0,2,0,1,0,0,0,12,0,0,1,0,0,0,0,1,0,0,0,0,1,0,0,0,0,0,0,1
1098,1,0,0,0,0,0,0,0,0,12,1,0,1,0.0,1,1,0,0,0,0,0,0,0,1,0,0,0,0,0,0,0,1,0,0,0,0,1,0,0,0,0
28,0,0,0,0,0,1,1,0,0,0,1,1,0,10.0,1,1,0,0,0,0,2,0,0,0,0,1,0,0,1,0,0,0,0,0,0,0,1,0,0,0,1
566,2,0,0,2,0,1,0,0,0,18,1,0,0,0.0,5,0,1,0,0,0,0,0,0,1,0,0,0,2,1,0,0,0,0,0,0,0,1,0,0,0,1
0,0,1,0,0,0,0,0,0,0,0,1,0,0,0.0,0,2,0,0,0,0,0,0,1,0,0,0,0,0,1,0,0,0,0,1,0,0,0,0,0,0,1
445,0,0,0,0,0,0,4,0,0,2,1,1,0,0.0,0,1,0,0,0,0,0,0,0,0,1,0,0,0,0,0,1,0,0,0,0,0,1,0,0,0,1
730,1,0,0,0,0,0,0,1,0,0,1,0,1,0.0,1,1,0,0,0,0,0,0,1,0,0,0,0,0,1,0,0,0,0,0,1,0,0,0,0,0,0
722,1,0,0,2,0,0,0,0,0,5,1,0,1,0.0,0,1,0,0,0,0,0,0,0,1,1,0,0,0,1,0,0,0,0,1,0,0,0,0,0,0,0
1729,6,0,0,0,0,1,0,1,0,3,1,0,2,0.0,4,1,0,0,0,0,0,1,0,1,0,0,0,0,1,0,0,0,0,0,1,0,0,0,0,0,0
1498,9,0,0,0,0,1,1,0,0,73,1,0,1,0.0,3,1,0,0,0,0,4,0,0,3,0,0,1,0,1,0,0,0,0,1,0,0,0,0,0,0,0
126,0,0,0,0,1,1,0,0,0,0,1,0,0,0.0,1,1,0,0,2,0,0,0,0,1,0,0,0,3,0,0,0,1,0,0,0,0,1,0,0,0,1
1203,8,0,0,0,7,8,5,1,0,7,1,0,0,0.0,6,1,0,0,0,0,1,0,0,1,0,0,0,0,1,0,1,0,0,0,1,0,0,0,0,0,1
240,0,0,0,0,0,0,1,1,0,1,1,1,0,0.0,1,1,0,0,0,0,2,0,1,0,0,0,0,0,1,0,0,0,0,0,1,0,0,0,0,0,1
0,0,0,0,0,0,0,0,0,0,0,1,0,0,0.0,0,1,0,0,0,0,0,0,0,0,0,1,0,0,1,0,0,0,0,0,0,0,1,0,0,0,1
798,0,0,0,0,0,0,0,0,0,0,1,0,1,0.0,0,1,0,0,0,0,0,0,0,1,1,1,0,0,1,0,0,0,0,0,0,0,1,0,0,0,0
114,0,0,0,0,1,1,0,1,0,0,1,0,0,0.0,1,1,0,0,1,0,0,0,0,1,0,0,0,0,0,0,1,0,0,0,1,0,0,0,0,0,1
949,0,0,0,0,1,2,0,0,0,3,1,0,0,0.0,2,1,0,0,0,0,0,0,0,1,0,0,0,0,1,0,0,0,0,0,0,0,1,0,0,0,1
895,1,0,0,0,0,1,2,0,0,2,1,1,0,0.0,1,1,0,0,0,0,5,0,1,0,0,0,0,0,1,0,0,0,0,1,0,0,0,0,0,0,1
340,0,0,0,0,0,0,0,0,0,3,1,0,0,0.0,0,1,0,0,0,0,0,0,1,0,0,0,0,0,1,0,0,0,0,0,0,0,1,0,0,0,1
84,0,0,0,0,0,0,0,0,0,3,1,0,0,0.0,0,1,0,0,0,0,0,0,1,0,0,0,0,0,1,0,0,0,1,0,0,0,0,0,0,0,1
717,0,0,0,0,0,0,0,1,0,0,1,0,1,0.0,0,1,0,0,0,0,0,0,0,0,0,1,0,0,1,0,0,0,0,0,1,0,0,0,0,0,0
560,1,0,0,0,0,0,0,0,0,106,1,0,0,0.0,1,1,0,0,0,0,0,0,0,1,0,0,0,0,0,0,1,0,1,0,0,0,0,0,0,0,1
1389,2,0,0,0,0,0,0,0,0,2,1,0,2,0.0,0,1,0,0,0,0,0,0,0,1,0,0,0,0,1,0,0,0,0,0,0,0,1,0,0,0,0
305,0,0,0,0,0,1,0,1,0,1,1,0,0,0.0,0,0,1,0,0,0,0,0,1,0,0,0,0,0,1,0,0,0,0,0,1,0,0,0,0,0,1
1013,1,0,0,0,0,0,0,1,0,0,1,0,0,0.0,0,2,0,0,0,0,0,0,0,1,0,0,0,0,1,0,0,0,0,0,1,0,0,0,0,0,1
373,0,0,0,0,0,0,0,0,0,1,1,0,0,0.0,0,1,0,0,0,0,0,0,0,1,0,0,0,0,0,0,0,1,0,0,0,0,1,0,0,0,1
650,0,0,0,0,0,0,0,0,0,0,1,0,1,0.0,0,1,0,0,0,0,0,0,0,1,0,0,0,0,1,0,0,0,0,1,0,0,0,0,0,0,0
1363,5,0,0,1,0,1,0,0,0,22,1,0,1,0.0,5,1,0,0,0,0,0,0,0,3,0,0,0,0,0,0,0,1,0,0,0,0,1,0,0,0,0
0,0,0,0,2,0,0,0,0,0,0,1,0,0,0.0,0,1,0,0,0,0,0,0,0,1,0,0,0,0,1,0,0,0,0,1,0,0,0,0,0,0,1
624,5,0,0,0,0,1,0,0,0,1,1,0,0,0.0,3,1,0,0,0,0,0,0,0,1,0,0,0,0,1,0,0,0,0,1,0,0,0,0,0,0,1
0,4,0,0,0,0,0,0,0,0,0,1,0,0,0.0,2,2,0,0,0,0,0,0,1,0,0,0,0,0,0,0,0,1,0,0,0,0,1,0,0,0,1
227,2,0,0,0,0,1,0,1,0,0,1,0,0,0.0,0,1,0,0,0,0,0,0,0,1,0,0,0,0,1,0,0,0,0,1,0,0,0,0,0,0,1
826,3,0,0,0,0,0,1,0,0,2,1,1,0,0.0,0,1,0,0,1,0,4,0,1,0,0,0,0,0,1,0,0,0,0,0,1,0,0,0,0,0,1
146,0,0,0,0,0,0,0,1,0,5,1,0,0,0.0,2,1,0,0,0,0,0,0,1,0,0,0,0,0,1,0,0,0,0,0,1,0,0,0,0,0,1
1400,0,0,0,1,2,2,0,0,0,0,1,0,2,0.0,6,1,0,0,0,0,5,0,0,0,0,0,0,0,1,0,0,0,0,0,0,0,1,1,0,0,0
857,7,0,0,0,0,0,21,0,0,2,1,1,1,0.0,0,1,0,0,0,0,6,7,0,1,0,0,0,0,0,0,1,0,0,0,0,0,1,0,0,0,0
817,9,0,0,0,0,0,1,0,1,0,1,0,0,0.0,2,1,0,0,0,0,1,2,1,0,0,0,0,0,1,0,0,0,0,0,0,0,1,0,0,0,1
0,0,0,0,0,0,0,0,0,0,0,1,0,0,0.0,0,1,0,0,0,0,0,0,0,1,0,0,0,0,1,0,0,0,0,0,0,0,1,0,0,0,1
365,0,1,0,2,0,7,0,0,0,3,1,0,0,0.0,1,1,0,0,0,0,0,0,0,1,0,0,0,0,1,0,0,0,0,0,0,0,1,0,0,0,1
1214,4,0,0,0,0,8,0,1,0,16,1,0,0,0.0,8,2,0,0,0,0,1,0,0,2,0,0,0,0,1,0,0,0,0,0,1,0,0,0,0,0,1
307,0,0,0,0,0,1,1,0,0,0,1,1,0,0.0,2,0,0,0,0,0,2,0,0,0,0,1,0,1,1,0,0,0,0,0,0,0,1,0,0,1,1
1264,0,0,0,1,0,0,1,0,0,0,1,1,1,0.0,0,1,0,0,0,0,2,0,0,1,0,0,0,1,1,0,0,0,0,1,0,0,0,0,0,0,0
1786,2,0,0,0,0,1,6,0,0,1,1,0,1,0.0,2,0,0,0,0,0,1,0,1,0,0,0,0,1,0,0,0,1,0,0,0,0,1,0,1,0,0
163,0,0,0,0,0,0,0,1,0,0,1,0,0,0.0,0,1,0,0,0,0,0,0,0,1,0,0,0,1,0,0,0,1,0,0,1,0,0,0,0,0,1
759,0,0,0,0,0,0,1,0,0,2,1,1,0,67.99,0,0,1,0,0,0,0,0,1,0,0,0,0,0,0,0,0,1,0,0,0,0,1,0,0,0,1
48,1,0,0,0,0,0,1,0,0,0,1,0,0,0.0,1,1,0,0,0,0,0,1,0,1,0,0,0,0,1,0,0,0,0,1,0,0,0,0,0,0,1
34,0,1,0,0,0,0,0,0,0,0,1,0,0,0.0,2,1,0,0,0,0,0,0,0,2,0,0,0,0,0,0,1,0,0,0,0,0,1,0,0,0,1
0,0,0,0,0,0,0,0,0,0,0,1,0,0,0.0,0,1,0,0,0,0,0,0,0,1,0,0,0,0,1,0,0,0,0,0,0,0,1,0,0,0,1
1167,5,0,0,0,0,0,0,0,0,33,1,0,1,0.0,0,1,0,0,0,0,0,0,0,1,0,0,0,0,1,0,0,0,0,0,0,0,1,0,0,0,0
949,0,0,0,0,0,0,0,1,0,22,1,0,1,0.0,0,1,0,0,0,0,0,0,0,1,0,0,0,0,1,0,0,0,0,0,0,1,0,0,0,0,0
0,0,0,0,0,0,0,0,0,0,0,1,0,0,0.0,0,1,0,0,0,0,0,0,0,1,0,0,0,0,0,0,0,1,0,0,0,0,1,0,0,0,1
0,0,0,0,0,0,0,0,0,0,0,1,0,0,0.0,0,1,0,0,0,0,0,0,1,0,0,0,0,0,1,0,0,0,0,1,0,0,0,0,0,0,1
375,0,0,0,0,0,0,0,1,0,1,1,0,0,0.0,0,1,0,0,0,0,0,0,1,0,0,0,0,0,1,0,0,0,0,0,0,0,1,0,0,0,1
88,0,0,0,0,0,0,7,0,0,2,1,0,0,0.0,1,1,0,0,0,0,4,0,1,0,0,0,0,0,0,0,0,1,0,0,0,1,0,0,0,0,1
1048,2,0,0,0,0,0,2,0,0,4,1,1,0,0.0,0,1,0,0,0,0,0,0,0,1,0,0,0,4,0,0,0,1,0,0,0,0,1,0,0,0,1
749,0,0,0,0,0,0,0,0,0,1,1,0,1,0.0,0,1,0,0,0,0,0,0,0,1,0,0,0,1,0,0,0,1,1,0,0,0,0,0,0,0,0
0,1,0,0,0,0,0,0,0,0,0,1,0,0,0.0,0,1,0,0,0,0,0,0,0,1,0,0,0,0,1,0,0,0,0,0,0,0,1,0,0,0,1
0,0,0,0,0,0,0,0,0,0,0,1,0,0,0.0,0,1,0,0,0,0,0,0,0,1,0,0,0,0,1,0,0,0,0,1,0,0,0,0,0,0,1
1191,5,0,0,0,0,2,10,1,0,7,1,1,0,0.0,3,1,0,0,0,0,5,1,0,0,1,0,0,0,0,0,0,1,0,0,1,0,0,0,0,0,1
1498,4,0,0,0,0,4,0,1,0,1,1,0,0,0.0,7,2,0,0,0,0,0,0,1,0,0,0,2,0,1,0,0,0,0,1,0,0,0,0,0,0,1
1537,2,0,0,0,1,4,1,0,0,3,1,0,0,0.0,15,1,0,0,0,0,2,1,1,3,0,0,0,0,1,0,0,0,0,0,0,0,1,0,0,0,1
64,0,0,0,0,0,0,1,1,0,1,1,0,0,0.0,1,1,0,1,0,0,0,0,0,1,0,0,0,0,0,0,0,1,0,0,1,0,0,0,0,0,1
220,0,0,0,0,0,0,0,1,0,5,1,0,0,0.0,0,1,0,0,0,0,0,0,0,0,1,0,0,0,1,0,0,0,0,0,1,0,0,0,0,0,1
20,0,0,0,0,0,0,1,0,0,0,1,0,0,0.0,0,1,0,0,3,0,0,0,0,1,0,0,0,0,1,0,0,0,0,0,0,1,0,0,0,0,1
146,0,0,0,0,0,2,0,0,0,0,1,0,0,0.0,1,1,0,0,0,0,0,0,0,0,1,0,0,0,0,0,0,1,0,0,0,0,1,0,0,0,1
949,1,1,0,0,3,3,1,0,0,2,1,1,1,0.0,7,1,0,0,0,0,6,0,0,1,0,0,0,0,1,0,0,0,0,0,0,0,1,0,0,0,0
819,4,0,0,3,0,2,1,0,0,0,1,0,1,0.0,0,3,0,0,0,0,1,1,0,1,0,0,0,0,1,0,0,0,0,0,0,0,1,0,0,0,0
33,0,0,0,0,0,0,1,1,0,0,1,1,0,20.0,0,1,0,0,0,0,1,0,1,0,0,0,0,0,1,0,0,0,0,0,1,0,0,0,0,0,1
762,9,0,0,0,0,1,0,0,0,3,1,0,0,0.0,5,1,0,0,0,0,0,0,0,1,0,0,0,0,0,0,0,1,0,0,0,0,1,0,0,0,1
655,0,0,0,0,0,1,0,0,0,0,1,0,1,0.0,1,1,0,0,0,0,0,0,1,0,0,0,0,0,1,0,0,0,0,0,0,1,0,0,0,0,0
0,0,0,0,0,0,0,0,0,0,0,1,0,0,0.0,1,1,0,0,0,0,0,0,0,1,0,0,0,0,0,0,0,1,0,0,0,0,1,0,0,0,1
1823,1,0,0,0,0,0,1,1,1,0,1,0,1,0.0,0,1,0,0,0,0,3,0,0,1,0,0,0,0,1,0,0,0,0,0,1,0,0,0,0,0,0
0,1,1,0,0,0,0,0,1,0,0,1,0,0,0.0,0,1,0,0,0,0,0,0,0,1,0,0,0,0,1,0,0,0,0,0,1,0,0,0,0,0,1
511,0,0,0,0,0,0,0,0,0,0,1,0,0,0.0,0,1,0,0,0,0,0,0,0,1,0,0,0,1,0,0,1,0,0,0,0,0,1,0,0,0,1
0,0,0,0,0,0,0,0,0,0,0,1,0,0,0.0,0,1,0,0,0,0,0,0,0,1,0,0,0,0,1,0,0,0,0,1,0,0,0,0,0,0,1
791,3,0,0,0,0,0,1,1,0,0,1,1,0,0.0,1,0,2,0,0,0,2,0,1,0,0,0,0,0,1,0,0,0,0,0,1,0,0,0,0,0,1
1269,5,0,0,0,0,0,1,0,1,5,1,1,1,0.0,2,1,0,0,0,0,1,1,1,0,0,0,0,0,1,0,0,0,0,1,0,0,0,0,0,0,0
1432,2,0,0,0,0,0,0,1,0,0,1,0,2,0.0,0,1,0,0,0,0,0,0,0,1,0,0,0,0,1,0,0,0,0,1,0,0,0,0,0,0,0
725,2,0,0,0,0,1,0,0,0,0,1,0,1,0.0,1,1,0,0,0,0,0,0,0,0,1,0,0,0,1,0,0,0,0,0,0,0,1,0,0,0,0
986,7,0,0,0,0,0,3,0,0,0,1,0,1,0.0,1,1,0,0,0,0,0,2,0,1,0,0,0,0,0,0,1,1,0,0,0,0,1,0,0,0,0
1873,9,0,0,0,0,0,0,1,0,467,1,0,0,0.0,15,1,0,0,1,0,0,0,0,1,1,0,0,0,0,1,0,0,0,0,1,0,0,0,0,0,1
0,0,0,0,0,0,0,0,1,0,0,1,0,0,0.0,0,1,0,0,0,0,0,0,0,1,0,0,0,0,0,0,1,0,0,0,1,0,0,0,0,0,1
651,0,0,1,0,0,0,0,1,0,0,1,0,0,0.0,0,0,4,0,0,0,0,0,0,1,0,0,0,0,0,0,0,1,1,0,0,0,0,0,0,0,1
4,0,0,0,0,0,0,0,0,0,0,1,0,0,0.0,0,0,0,0,0,0,0,0,0,1,0,0,0,2,1,0,0,0,0,0,0,0,1,0,0,1,1
3,0,0,0,0,0,0,0,0,0,0,1,0,0,0.0,0,1,0,0,0,0,0,0,0,1,0,0,0,0,1,0,0,0,0,0,0,0,1,0,0,0,1
0,0,0,0,0,0,0,0,0,0,0,1,0,0,0.0,0,1,0,0,0,0,0,0,1,0,0,0,0,0,1,0,0,0,0,0,0,0,1,0,0,0,1
567,2,0,0,0,0,2,17,1,0,1,1,1,0,0.0,3,1,0,0,0,0,4,0,0,1,0,0,0,2,0,0,0,1,0,0,1,0,0,0,0,0,1
739,0,0,0,0,0,0,0,0,0,0,1,1,1,67.99,0,1,0,0,0,0,0,0,0,1,0,0,0,1,0,0,0,1,0,0,0,0,1,0,0,0,0
138,1,0,0,0,0,1,1,0,0,0,1,0,0,80.0,1,1,0,0,0,0,1,1,0,2,0,0,0,0,1,0,0,0,0,0,0,0,1,0,0,0,1
739,3,0,1,0,1,2,21,1,0,0,1,1,1,0.0,0,2,0,0,2,0,9,0,0,1,0,0,0,7,0,0,0,1,0,0,1,0,0,0,0,0,0
659,0,0,0,0,0,0,1,0,0,0,1,1,0,0.0,0,1,0,0,0,0,1,0,0,1,0,0,0,0,1,0,0,0,0,1,0,0,0,0,0,0,1
2024,0,0,0,0,0,0,0,0,0,104,1,0,2,0.0,0,1,0,0,0,0,0,0,0,1,0,0,0,0,1,0,0,0,0,1,0,0,0,0,0,0,0
667,1,0,0,0,1,1,2,0,0,0,1,1,0,34.29,3,0,1,0,0,0,10,0,1,0,0,1,0,0,1,0,0,0,0,0,0,1,0,0,0,0,1
762,0,0,0,0,0,0,2,1,0,1,1,1,0,54.29,0,1,0,0,0,0,3,0,1,0,0,0,0,0,1,0,0,0,0,0,1,0,0,0,0,0,1
0,0,1,0,0,0,0,0,0,0,0,1,0,0,0.0,0,0,1,0,1,0,0,0,1,0,0,0,0,0,0,1,0,0,0,0,0,0,1,0,0,0,1
229,1,0,0,0,0,1,0,0,0,10,1,0,0,0.0,5,1,0,0,0,0,0,0,0,3,0,0,0,0,1,0,0,0,0,0,0,0,1,0,0,0,1
730,0,0,0,0,0,0,0,0,0,2,1,0,1,0.0,0,0,0,0,0,0,0,0,0,0,0,0,0,0,1,0,0,0,0,1,0,0,0,1,1,0,0
724,0,0,0,0,0,0,0,0,0,0,1,0,1,0.0,0,1,0,0,0,0,0,0,0,1,0,0,0,0,0,0,0,1,0,0,0,0,1,0,0,0,0
2031,5,0,0,0,0,1,2,0,0,166,1,0,1,0.0,1,1,0,0,0,1,2,0,0,0,1,0,0,0,1,0,0,0,0,0,0,0,1,0,0,0,0
0,0,0,0,0,0,0,0,1,0,0,1,0,0,0.0,0,1,0,0,0,0,0,0,1,0,0,0,0,0,1,0,0,0,0,0,1,0,0,0,0,0,1
286,0,1,0,0,0,0,2,0,0,1,1,1,0,0.0,0,1,0,0,0,0,0,0,0,0,1,0,0,0,0,0,0,1,0,0,0,1,0,0,0,0,1
216,0,0,0,0,0,0,1,0,0,14,1,1,0,0.0,1,1,0,0,0,0,1,0,1,0,0,0,0,0,1,0,0,0,0,1,0,0,0,0,0,0,1
73,0,0,0,0,0,0,6,0,0,0,1,1,0,50.0,0,1,0,0,0,0,3,0,0,1,0,0,0,0,0,0,0,1,0,0,0,0,1,0,0,0,1
206,0,0,0,0,0,0,0,0,0,1,1,0,0,0.0,0,1,0,0,0,0,0,0,0,1,0,0,0,0,0,0,1,0,0,0,0,0,1,0,0,0,1
751,6,0,0,0,0,3,1,0,0,0,1,0,1,0.0,1,1,0,0,0,0,0,2,2,0,0,0,0,0,1,0,0,0,1,0,0,0,0,0,0,0,0
648,0,1,0,0,0,0,0,0,0,0,1,0,1,0.0,0,0,1,0,0,0,0,0,1,0,0,0,0,0,0,0,0,1,0,0,0,0,1,0,0,0,0
663,1,0,0,0,0,0,0,0,0,0,1,1,1,0.0,4,1,0,0,0,0,0,0,0,1,0,0,0,1,0,0,0,1,0,0,0,0,1,0,0,0,0
2102,6,1,0,2,0,4,1,0,1,28,1,0,0,0.0,12,4,1,0,1,0,2,0,1,3,0,0,0,0,0,0,0,1,0,0,0,0,1,0,0,0,1
105,0,0,0,0,0,0,0,1,0,1,1,0,0,0.0,0,1,0,0,0,0,0,0,1,0,0,0,0,0,0,0,1,0,0,0,1,0,0,0,0,0,1
620,1,0,0,0,0,0,0,1,0,8,1,0,0,0.0,5,2,0,0,0,0,0,1,1,0,0,0,0,0,1,0,0,0,0,0,1,0,0,0,0,0,1
826,1,0,0,0,1,1,0,0,0,0,1,0,0,0.0,2,1,0,0,0,0,0,0,0,0,1,0,0,0,1,0,0,0,0,0,0,0,1,0,0,0,1
0,0,0,0,0,0,0,0,0,0,0,1,0,0,0.0,0,1,0,0,0,0,0,0,0,1,0,0,0,0,0,0,0,1,0,0,1,0,0,0,0,0,1
655,0,0,0,0,0,0,0,0,0,0,1,0,1,0.0,1,1,0,0,0,0,0,0,0,1,0,0,0,0,1,0,0,0,0,0,0,1,0,0,0,0,0
51,0,0,0,0,0,1,1,0,0,0,1,0,0,0.0,0,1,0,0,4,0,0,0,0,0,1,0,0,0,0,0,1,0,0,0,0,0,1,0,0,0,1
175,1,1,0,0,0,0,0,0,0,1,1,0,0,0.0,0,1,0,0,0,0,0,0,0,1,0,0,0,0,1,0,0,0,0,0,0,0,1,0,0,0,1
466,0,1,0,0,0,0,0,0,0,0,1,1,0,0.0,4,0,1,0,0,0,0,0,0,1,0,0,0,0,1,0,0,0,0,0,0,0,1,0,0,0,1
1399,0,0,0,0,0,0,0,1,0,0,1,0,2,0.0,0,1,0,0,0,0,0,0,0,1,0,0,0,0,1,0,0,0,0,0,1,0,0,0,0,0,0
739,8,0,0,0,0,1,0,1,0,1,1,0,0,0.0,1,1,0,0,0,0,0,0,0,1,0,0,0,0,1,0,0,0,0,0,1,0,0,0,0,0,1
1516,1,0,0,0,0,0,0,0,0,12,1,0,1,0.0,0,1,0,0,0,0,0,0,0,1,0,0,0,0,1,0,0,0,0,1,0,0,0,0,0,0,0
772,0,0,0,0,0,0,1,0,0,0,1,0,0,0.0,1,2,0,0,0,0,2,0,0,1,0,0,0,0,1,0,0,0,0,0,0,1,0,0,0,0,1
724,3,0,0,0,0,0,1,0,0,3,1,1,0,0.0,3,1,0,0,0,0,5,0,0,1,0,0,0,0,1,0,0,0,0,1,0,0,0,0,0,0,1
0,0,0,0,0,0,0,0,0,0,0,1,0,0,0.0,0,1,0,0,0,0,0,0,1,0,0,0,0,0,0,0,0,1,0,0,0,0,1,0,0,0,1
1046,4,0,0,0,1,3,1,1,0,0,1,1,0,10.0,5,1,0,0,0,0,3,0,0,1,0,0,0,0,1,0,0,0,0,0,1,0,0,0,0,0,1
395,0,1,0,0,0,0,2,0,0,8,1,1,0,0.0,2,1,0,0,0,0,0,0,1,0,0,0,0,0,0,0,1,0,0,0,0,0,1,0,0,0,1
729,0,0,0,0,0,0,0,1,0,0,1,0,1,0.0,0,0,0,0,0,0,0,0,0,0,0,0,0,1,1,0,0,0,1,0,0,0,0,1,1,0,0
90,1,0,0,1,0,0,0,0,0,0,1,0,0,0.0,0,1,0,0,0,0,0,0,0,1,0,0,0,0,1,0,0,0,0,1,0,0,0,0,0,0,1
26,3,0,0,0,0,3,8,0,0,0,1,0,0,0.0,1,1,0,0,0,0,2,1,0,1,0,0,0,0,0,0,0,1,0,0,0,0,1,0,0,0,1
337,2,0,0,0,0,0,12,0,0,3,1,1,0,0.0,1,1,0,0,0,0,2,1,0,0,1,0,0,1,0,0,0,1,0,0,0,0,1,0,0,0,1
1394,0,0,0,0,0,0,0,0,0,0,1,0,2,0.0,0,1,0,0,0,0,0,0,0,1,0,0,4,0,1,0,0,0,0,1,0,0,0,0,0,0,0
763,0,0,0,0,0,0,0,0,0,9,1,0,1,0.0,0,1,0,0,0,0,0,0,0,1,0,0,0,0,1,0,0,0,0,1,0,0,0,0,0,0,0
802,1,0,0,0,0,0,1,0,0,0,1,0,1,0.0,0,1,0,0,1,0,1,0,0,0,0,1,0,0,1,0,0,0,0,0,0,1,0,0,0,0,0
722,1,0,0,0,0,0,0,0,2,0,1,0,1,0.0,0,1,0,0,0,0,0,0,0,1,0,0,0,0,1,0,0,0,0,0,0,1,0,0,0,0,0
0,0,0,0,0,0,0,0,0,0,0,1,0,0,0.0,0,1,0,0,0,0,0,0,0,1,0,0,0,0,1,0,0,0,0,1,0,0,0,0,0,0,1
651,0,0,0,0,0,0,0,0,0,1,1,0,1,0.0,0,0,0,0,0,0,0,0,0,0,0,0,0,0,1,0,0,0,0,1,0,0,0,1,1,0,0
0,0,0,0,0,0,0,0,0,0,0,1,0,0,0.0,0,1,0,0,0,0,0,0,1,0,0,0,0,0,1,0,0,0,0,1,0,0,0,0,0,0,1
1394,0,0,0,0,0,0,0,1,0,0,1,0,2,0.0,0,2,0,0,0,0,0,0,1,0,0,0,0,0,1,0,0,0,0,0,1,0,0,0,0,0,0
728,0,0,0,0,0,0,0,0,0,7,1,0,1,0.0,0,1,0,0,0,0,0,0,0,0,1,0,0,1,0,0,0,1,0,0,0,0,1,0,0,0,0
116,1,0,0,0,0,0,0,0,0,1,1,0,0,0.0,0,1,0,0,0,0,0,0,0,1,0,0,0,0,0,0,0,1,0,0,0,0,1,0,0,0,1
308,2,0,0,0,0,0,0,0,0,0,1,0,0,0.0,1,1,0,0,0,0,0,0,0,0,1,0,0,0,1,0,0,0,0,0,0,0,1,0,0,0,1
2,0,0,0,0,0,0,0,0,0,0,1,0,0,0.0,0,1,0,0,0,0,1,0,0,1,0,0,0,0,0,0,0,1,0,0,0,0,1,0,0,0,1
273,0,0,0,0,0,0,0,1,0,3,1,0,0,0.0,0,1,0,0,0,0,0,0,0,1,0,0,0,0,1,0,0,0,0,0,1,0,0,0,0,0,1
641,1,0,0,0,0,0,0,0,0,2,1,0,0,0.0,0,1,0,0,0,0,0,0,0,0,1,0,0,0,1,0,0,0,1,0,0,0,0,0,0,0,1
120,1,0,1,0,0,1,2,0,0,0,1,0,0,0.0,1,1,0,0,0,0,2,0,0,1,0,0,0,1,1,0,0,0,0,1,0,0,0,0,0,0,1
0,1,0,0,0,0,0,0,1,0,0,1,0,0,0.0,0,0,0,0,0,0,0,0,0,0,1,0,0,0,1,0,0,0,0,0,1,0,0,0,0,1,1
1421,2,1,0,0,0,1,2,0,0,1,1,1,2,28.78,1,1,0,0,0,0,4,2,0,1,0,0,0,0,1,0,0,0,0,0,0,0,1,0,0,0,0
551,2,0,1,0,0,1,5,0,0,0,1,0,0,0.0,6,0,1,0,0,0,5,0,0,3,0,0,0,0,0,0,1,0,0,0,0,0,1,0,0,0,1
679,0,0,0,0,0,0,0,0,0,0,1,0,0,0.0,1,1,0,0,0,0,0,0,0,1,0,0,0,2,0,0,1,0,0,0,0,0,1,0,0,0,1
1,0,1,0,0,2,1,0,0,0,0,1,0,0,0.0,1,1,0,0,0,0,0,0,0,1,0,0,0,0,1,0,0,0,0,0,0,0,1,0,0,0,1
1480,3,0,0,0,0,0,0,0,0,69,1,0,0,0.0,0,2,0,0,0,0,0,0,0,1,0,0,0,0,0,0,0,1,0,0,0,0,1,0,0,0,1
297,3,0,0,0,0,1,2,0,0,1,1,1,0,0.0,2,1,0,0,0,0,3,1,0,1,0,0,0,0,1,0,0,0,0,0,0,0,1,0,0,0,1
738,0,0,0,0,0,0,0,0,0,0,1,1,1,0.0,2,1,0,0,0,0,0,0,1,0,0,0,0,0,0,0,0,1,0,0,0,0,1,0,0,0,0
719,6,0,0,0,0,0,1,0,0,2,1,0,0,0.0,0,1,0,0,0,0,4,0,0,0,0,1,0,0,1,0,0,0,0,0,0,0,1,0,0,0,1
258,1,0,0,0,0,0,0,0,0,2,1,0,0,0.0,1,1,0,0,0,0,0,0,1,0,0,0,0,0,1,0,0,0,0,0,0,0,1,0,0,0,1
680,4,1,0,0,0,1,1,0,0,0,1,1,1,24.29,1,1,0,0,0,0,1,1,0,0,0,1,0,0,1,0,0,0,0,0,0,0,1,0,0,0,0
714,6,0,0,0,0,1,3,0,0,3,1,0,0,0.0,4,1,0,0,0,0,0,1,1,0,0,0,0,0,0,1,0,0,0,0,0,0,1,0,0,0,1
161,0,0,0,0,0,0,0,0,0,1,1,0,0,0.0,0,1,0,0,0,0,0,0,1,0,0,0,0,0,1,0,0,0,0,1,0,0,0,0,0,0,1
35,1,0,0,0,1,2,1,0,0,2,1,0,0,0.0,0,1,0,0,0,0,0,1,0,1,0,0,0,0,1,0,0,0,0,1,0,0,0,0,0,0,1
809,10,0,0,0,0,1,2,0,0,0,1,1,0,60.0,4,1,0,0,0,0,2,1,0,1,0,0,0,0,1,0,0,0,0,0,0,0,1,0,0,0,1
1637,1,0,0,0,0,0,0,1,0,6,1,0,1,0.0,1,2,0,0,0,0,0,0,0,0,1,0,0,0,1,0,0,0,0,0,1,0,0,0,0,0,0
836,0,0,0,0,0,0,1,0,0,2,1,1,0,10.0,2,0,1,0,0,0,2,0,0,1,0,0,15,0,1,0,0,0,0,0,0,0,1,0,0,0,1
14,1,0,0,0,0,0,0,0,0,0,1,0,0,0.0,0,0,0,0,0,0,0,0,0,1,0,0,0,1,1,0,0,0,0,0,0,0,1,0,1,0,1
1738,5,0,0,0,0,0,0,0,0,10,1,0,2,0.0,0,1,0,0,0,0,0,0,0,1,0,0,0,0,1,0,0,0,0,0,0,1,0,0,0,0,0
8,0,0,0,0,0,0,0,0,0,0,1,0,0,0.0,1,1,0,0,0,0,0,0,0,1,0,0,0,0,0,0,1,0,0,0,1,0,0,0,0,0,1
0,0,0,0,0,0,0,0,0,0,0,1,0,0,0.0,0,1,0,0,0,0,0,0,0,1,0,0,0,0,0,0,1,0,0,0,0,0,1,0,0,0,1
0,0,1,0,0,0,0,0,0,0,0,1,0,0,0.0,0,1,0,0,0,0,0,0,0,1,0,0,0,0,1,0,0,0,0,0,0,0,1,0,0,0,1
1065,1,0,0,0,0,0,0,0,0,9,1,0,0,0.0,1,1,0,0,0,0,0,0,0,1,0,0,0,0,1,0,0,0,0,1,0,0,0,0,0,0,1
357,0,1,0,0,0,0,0,0,0,0,1,1,0,0.0,2,0,1,0,0,0,0,0,1,0,0,0,0,1,0,0,0,1,0,0,0,0,1,0,0,0,1
0,0,0,0,0,0,0,0,0,0,0,1,0,0,0.0,0,1,0,0,0,0,0,0,0,1,0,0,0,0,1,0,0,0,0,1,0,0,0,0,0,0,1
1662,2,0,0,0,0,0,0,0,0,19,1,0,1,0.0,1,1,0,0,0,0,0,0,1,1,0,0,0,0,1,0,0,0,0,1,0,0,0,0,0,0,0
44,0,0,0,0,0,0,0,0,0,1,1,0,0,0.0,0,1,0,0,0,0,0,0,1,0,0,0,0,0,1,0,0,0,0,1,0,0,0,0,0,0,1
165,0,0,0,1,0,0,0,0,0,1,1,0,0,0.0,0,1,0,0,0,0,0,0,0,0,1,0,0,0,1,0,0,0,0,1,0,0,0,0,0,0,1
783,0,0,0,0,0,1,9,0,2,0,1,1,0,0.0,2,2,0,0,0,0,5,0,0,1,0,0,0,0,0,0,0,1,0,0,0,0,1,0,0,0,1
52,0,0,0,0,0,1,0,0,0,0,1,0,0,0.0,1,1,0,0,0,0,0,0,0,1,0,0,0,0,1,0,0,0,0,0,0,0,1,0,0,0,1
1013,0,0,0,0,0,0,0,0,0,3,1,0,1,0.0,0,1,0,0,0,0,0,0,0,1,0,0,0,0,1,0,0,0,0,1,0,0,0,0,0,0,0
326,0,0,0,0,0,1,0,0,0,14,1,0,0,0.0,0,1,0,0,0,0,0,0,1,0,0,0,0,1,1,0,0,0,0,1,0,0,0,0,0,0,1
778,0,0,0,0,0,0,1,0,0,0,1,1,0,0.0,0,0,1,0,1,0,1,0,0,1,0,0,0,0,1,0,0,0,0,0,0,1,0,0,0,0,1
1399,0,0,0,0,3,1,0,0,0,2,1,0,2,0.0,2,1,0,0,0,0,0,0,0,0,2,0,0,0,1,0,0,0,0,0,0,0,1,0,0,0,0
546,1,0,0,0,0,0,1,0,0,0,1,1,0,0.0,2,0,1,0,2,0,2,0,1,0,0,0,0,0,1,0,0,0,0,1,0,0,0,0,0,0,1
818,0,0,0,0,0,0,0,1,0,1,1,0,0,0.0,0,1,0,0,0,0,0,0,0,1,0,0,0,1,0,0,0,1,0,0,1,0,0,0,0,0,1
590,0,1,0,0,0,0,0,1,0,9,1,0,0,0.0,0,1,0,0,0,0,0,0,1,0,0,0,0,0,0,0,0,1,0,0,1,0,0,0,0,0,1
837,0,1,0,0,0,1,1,1,0,0,1,1,0,0.0,1,0,1,0,0,0,1,0,0,0,1,0,1,0,1,0,0,0,0,0,1,0,0,0,0,0,1
0,0,1,0,0,0,0,0,0,0,0,1,0,0,0.0,0,1,0,0,0,0,0,0,0,1,0,0,0,0,1,0,0,0,0,1,0,0,0,0,0,0,1
424,3,1,0,0,0,0,4,0,0,2,1,1,0,0.0,1,1,0,0,0,0,0,0,0,1,0,0,0,0,0,0,0,1,0,0,0,0,1,0,0,0,1
0,0,0,0,0,0,0,0,0,0,0,1,0,0,0.0,0,1,0,0,0,0,0,0,1,0,0,0,0,0,1,0,0,0,0,0,0,0,1,0,0,0,1
1063,5,0,0,0,2,5,1,0,0,17,1,1,0,0.0,16,1,0,0,1,0,4,0,0,1,0,0,0,0,1,0,0,0,0,0,0,0,1,0,0,0,1
691,3,0,0,0,0,1,4,0,0,1,1,1,0,0.0,0,1,0,0,0,0,2,0,0,0,1,0,0,0,0,0,0,1,0,0,1,0,0,0,0,0,1
1231,6,0,0,0,0,1,0,1,0,17,1,0,1,0.0,1,2,0,0,0,0,0,0,0,1,0,0,0,0,1,0,0,0,0,0,1,0,0,0,0,0,0
542,0,0,0,0,0,0,0,0,0,3,1,0,0,0.0,0,1,0,0,0,0,0,0,0,1,0,0,0,0,0,0,1,0,0,0,0,0,1,0,0,0,1
1388,1,0,0,0,0,0,0,1,0,0,1,0,2,0.0,0,1,0,0,0,0,0,1,1,0,0,0,0,0,1,0,0,0,0,0,1,0,0,0,0,0,0
717,0,0,0,0,0,0,0,0,0,0,1,0,1,0.0,0,0,0,0,0,0,0,0,0,0,0,0,0,0,0,0,0,0,1,0,0,0,0,1,1,0,0
735,0,0,0,0,0,0,1,0,1,0,1,1,1,0.0,0,2,0,0,0,0,1,0,1,0,0,0,0,0,1,0,1,0,0,0,0,0,1,0,0,0,0
48,0,0,0,0,0,0,1,0,0,0,1,0,0,0.0,0,1,0,0,0,0,1,0,0,1,0,0,0,0,0,0,0,1,0,0,0,1,0,0,0,0,1
0,0,1,0,0,0,0,1,0,0,0,1,0,0,0.0,0,1,0,0,0,0,1,0,0,1,0,0,0,0,1,0,0,0,0,1,0,0,0,0,0,0,1
0,0,0,0,0,0,0,0,0,0,0,1,0,0,0.0,0,1,0,0,0,0,0,0,1,0,0,0,0,0,1,0,0,0,0,0,0,0,1,0,0,0,1
0,0,0,0,0,0,0,0,0,0,0,1,0,0,0.0,1,1,0,0,0,0,0,0,0,1,0,0,0,0,0,0,1,0,0,0,0,1,0,0,0,0,1
0,0,1,0,0,0,0,0,0,0,0,1,0,0,0.0,0,1,0,0,0,0,0,0,1,0,0,0,0,0,0,0,0,1,0,0,0,0,1,0,0,0,1
529,1,0,0,0,1,1,1,0,0,1,1,1,0,0.0,7,1,0,0,0,0,3,0,1,0,0,0,0,0,1,0,0,0,0,1,0,0,0,0,0,0,1
1406,3,0,0,0,0,1,0,0,0,19,1,0,1,0.0,0,1,0,0,0,0,0,0,0,1,0,0,0,0,0,1,0,0,0,0,0,0,1,0,0,0,0
1371,4,0,0,0,0,0,1,1,0,4,1,1,0,0.0,3,1,0,0,0,0,2,4,1,0,0,0,0,0,1,0,0,0,0,0,1,0,0,0,0,0,1
789,18,0,0,3,0,4,1,0,0,14,1,1,1,0.0,7,1,0,0,0,0,1,2,0,2,0,0,0,0,1,0,0,0,0,1,0,0,0,0,0,0,0
647,0,0,0,0,0,0,0,0,0,5,1,0,1,0.0,0,1,0,0,0,0,0,0,0,1,0,0,0,0,1,0,0,0,0,1,0,0,0,0,0,0,0
764,0,0,0,0,0,0,0,0,0,0,1,0,1,0.0,0,1,0,0,0,0,0,0,0,1,0,0,0,0,0,0,0,1,0,0,0,0,1,0,0,0,0
797,2,0,0,0,0,0,0,0,0,33,1,1,0,0.0,1,1,0,0,0,0,0,0,0,2,0,0,0,0,1,0,0,0,0,1,0,0,0,0,0,0,1
727,0,0,0,0,0,0,0,0,0,0,1,0,1,0.0,0,1,0,0,0,0,0,0,0,0,1,0,0,0,1,0,0,0,0,0,0,0,1,0,0,0,0
0,0,0,0,0,0,0,0,0,0,0,1,0,0,0.0,0,1,0,0,0,0,0,0,0,1,0,0,0,0,1,0,0,0,0,1,0,0,0,0,0,0,1
229,1,0,0,0,0,0,0,0,0,6,1,0,0,0.0,1,1,0,0,0,0,0,0,0,1,0,0,0,0,1,0,0,0,0,1,0,0,0,0,0,0,1
735,0,0,0,0,0,0,0,0,0,1,1,0,1,0.0,1,1,0,0,0,0,0,0,0,1,0,0,0,0,1,0,0,0,0,0,0,0,1,0,0,0,0
0,0,1,0,0,0,0,0,0,0,0,1,0,0,0.0,0,1,0,0,0,0,0,0,0,0,0,1,0,0,0,0,1,0,0,0,0,0,1,0,0,0,1
984,2,1,0,0,1,4,14,0,0,8,1,1,0,0.0,11,1,0,0,0,0,5,0,0,2,0,0,0,0,0,0,0,1,0,0,0,0,1,0,0,0,1
764,4,0,0,0,2,8,4,0,0,4,1,0,0,0.0,1,1,0,0,0,0,3,0,1,0,0,0,0,0,0,0,0,1,1,0,0,0,0,0,0,0,1
1446,3,0,0,0,0,3,0,0,0,17,1,0,2,0.0,6,2,0,0,0,0,0,0,1,0,0,0,0,1,0,0,0,1,0,0,0,0,1,0,0,0,0
0,1,0,0,0,0,0,0,0,0,0,1,0,0,0.0,0,1,0,0,0,0,0,0,1,0,0,0,0,0,1,0,0,0,0,0,0,0,1,0,0,0,1
0,0,0,0,0,0,0,0,1,0,0,1,0,0,0.0,0,1,0,0,0,0,0,0,0,1,0,0,0,0,1,0,0,0,0,0,1,0,0,0,0,0,1
169,2,0,0,0,0,2,0,0,0,0,1,0,0,0.0,8,1,0,0,0,0,0,0,0,1,0,0,0,0,0,0,0,1,0,0,1,0,0,0,0,0,1
0,2,0,0,0,0,0,0,0,0,0,1,0,0,0.0,0,1,0,0,0,0,0,0,0,1,0,0,0,0,0,0,0,1,0,0,0,0,1,0,0,0,1
1397,0,0,0,0,0,0,0,1,0,0,1,0,2,0.0,0,1,0,0,0,0,0,0,0,0,1,0,0,1,0,0,0,1,0,0,1,0,0,0,0,0,0
139,3,1,0,0,0,0,1,0,0,1,1,1,0,0.0,3,0,1,0,0,0,1,0,0,0,1,0,0,0,0,0,0,1,0,0,0,0,1,0,0,0,1
1085,46,1,0,4,0,0,10,0,14,31,1,1,0,0.0,13,2,0,0,0,0,3,3,0,1,0,0,0,1,0,0,0,1,0,0,0,0,1,0,0,0,1
782,0,0,0,0,0,1,1,0,0,1,1,0,0,0.0,1,1,0,0,0,0,1,0,0,1,0,0,0,0,0,0,1,0,0,0,0,0,1,0,0,0,1
1396,3,0,0,0,0,0,0,1,0,11,1,0,2,0.0,1,1,0,0,0,0,0,0,0,1,0,0,0,0,1,0,0,0,0,0,1,0,0,0,0,0,0
1910,32,0,0,0,2,2,11,0,0,87,1,0,2,0.0,79,2,0,0,0,0,3,6,1,2,0,0,0,0,0,0,0,1,0,0,0,0,1,0,0,0,0
0,0,0,0,0,0,0,0,1,0,0,1,0,0,0.0,0,0,0,0,0,0,0,0,1,0,0,0,0,0,1,0,0,0,0,0,1,0,0,0,1,0,1
651,0,0,0,0,0,0,0,0,0,0,1,0,1,0.0,1,1,0,0,0,0,0,0,0,1,0,0,0,0,1,0,0,0,0,0,0,1,0,0,0,0,0
899,0,0,0,3,0,1,0,0,0,81,1,0,0,0.0,1,1,0,0,0,0,0,0,0,1,0,0,3,0,1,0,0,0,0,1,0,0,0,0,0,0,1
1007,4,0,0,0,0,2,3,0,0,0,1,0,1,0.0,5,2,0,0,0,0,2,1,1,0,0,0,0,1,0,0,0,1,1,0,0,0,0,0,0,0,0
5,0,0,0,0,0,0,0,0,0,0,1,0,0,0.0,0,1,0,0,0,0,0,0,0,1,0,0,0,0,1,0,0,0,0,0,1,0,0,0,0,0,1
520,3,0,0,0,0,0,5,0,0,1,1,0,0,0.0,0,1,0,0,1,0,0,2,0,1,0,0,0,0,0,0,1,0,0,0,0,0,1,0,0,0,1
21,0,0,0,3,0,0,0,1,0,0,1,0,0,0.0,0,1,0,0,0,0,0,0,0,1,0,0,0,0,1,0,0,0,0,0,1,0,0,0,0,0,1
780,3,0,0,0,0,0,3,1,0,0,1,0,0,0.0,1,1,0,0,0,0,1,0,1,0,0,0,0,1,0,0,0,1,0,0,1,0,0,0,0,0,1
0,0,0,0,0,0,0,0,0,0,0,1,0,0,0.0,0,1,0,0,0,0,0,0,0,5,0,0,0,0,1,0,0,0,0,0,0,0,1,0,0,0,1
83,4,0,0,0,0,0,0,0,0,2,1,0,0,0.0,0,1,0,0,3,0,0,0,0,1,0,0,0,0,1,0,0,0,0,1,0,0,0,0,0,0,1
172,0,0,0,0,0,0,1,1,0,0,1,0,0,0.0,1,0,1,1,0,0,4,0,0,0,1,0,0,0,1,0,0,0,0,0,1,0,0,0,0,0,1
13,0,0,0,0,0,0,0,0,0,2,1,0,0,0.0,0,1,0,0,0,0,0,0,0,2,0,0,0,0,1,0,0,0,0,1,0,0,0,0,0,0,1
828,0,0,0,0,0,2,1,1,0,2,1,0,0,0.0,2,2,0,0,0,0,3,0,0,1,0,0,0,0,1,0,0,0,0,0,1,0,0,0,0,0,1
131,0,0,0,0,0,0,0,1,0,1,1,0,0,0.0,0,1,0,0,0,0,0,0,0,1,0,0,0,0,0,1,0,0,0,0,1,0,0,0,0,0,1
38,0,0,0,0,0,0,0,0,0,1,1,1,0,0.0,0,1,0,0,0,0,0,0,1,0,0,0,0,1,0,0,0,1,0,0,0,0,1,0,0,0,1
334,17,0,0,0,0,0,2,0,0,5,1,0,0,0.0,9,1,0,0,2,0,5,10,0,1,0,0,0,0,1,0,0,0,0,1,0,0,0,0,0,0,1
995,4,0,0,0,0,4,2,1,0,94,1,0,0,0.0,1,1,0,0,0,0,8,0,0,1,0,0,0,0,1,0,0,0,0,0,1,0,0,0,0,0,1
1495,1,0,0,0,0,0,0,0,0,59,1,0,0,0.0,2,1,0,0,0,0,0,0,0,1,0,0,0,0,1,0,0,0,0,0,0,0,1,0,0,0,1
465,0,0,0,0,0,0,1,0,0,0,1,0,0,0.0,0,1,0,0,6,0,3,0,1,0,0,0,0,0,1,0,0,0,0,0,0,0,1,0,0,0,1
0,0,0,0,0,0,0,0,1,0,0,1,0,0,0.0,0,1,0,0,0,0,0,0,1,0,0,0,0,0,1,0,0,0,0,0,1,0,0,0,0,0,1
676,4,0,0,0,0,0,0,0,0,3,1,0,0,0.0,3,1,0,0,0,0,27,2,1,0,0,0,0,0,1,0,0,0,0,0,0,0,1,0,0,0,1
1,0,0,0,0,0,2,7,0,0,0,1,0,0,0.0,0,0,0,0,0,0,3,0,0,1,0,0,0,2,0,0,0,1,0,0,0,0,1,0,0,1,1
719,1,0,0,1,0,0,0,0,2,0,1,0,1,0.0,0,1,0,0,0,0,0,0,0,1,0,0,0,0,1,0,0,0,0,0,0,0,1,0,0,0,0
204,1,0,0,0,0,0,0,0,0,3,1,0,0,0.0,0,1,0,0,0,0,0,0,0,1,0,0,0,0,1,0,0,0,0,1,0,0,0,0,0,0,1
1185,2,0,0,0,3,1,0,0,0,36,1,1,0,30.869999999999997,4,1,0,0,0,0,0,0,0,2,0,0,0,1,1,0,0,0,0,1,0,0,0,0,0,0,1
0,1,0,0,0,0,1,0,0,0,0,1,0,0,0.0,0,1,0,0,0,0,0,0,1,0,0,0,0,0,1,0,0,0,0,1,0,0,0,0,0,0,1
0,0,0,0,0,0,0,0,1,0,0,1,0,0,0.0,1,0,1,0,0,0,0,0,0,0,0,1,0,0,1,0,0,0,0,0,1,0,0,0,0,0,1
206,0,0,0,0,0,0,0,0,0,2,1,0,0,0.0,1,4,0,0,0,0,0,0,0,0,1,0,0,0,1,0,0,0,0,1,0,0,0,0,0,0,1
0,0,0,0,0,0,0,0,0,0,0,1,0,0,0.0,0,1,0,0,0,0,0,0,0,0,1,0,0,0,1,0,0,0,0,0,0,0,1,0,0,0,1
1258,11,1,0,0,1,7,0,0,0,0,1,1,0,0.0,8,1,0,0,0,0,0,0,1,0,0,0,0,1,0,0,1,0,0,0,0,0,1,0,0,0,1
759,4,1,0,0,1,3,3,0,0,17,1,1,0,0.0,4,1,0,0,7,0,2,4,1,0,0,0,0,0,1,0,0,0,0,0,0,0,1,0,0,0,1
662,6,0,0,0,0,2,0,1,0,2,1,0,0,0.0,2,1,0,0,0,0,0,0,0,1,0,0,0,0,0,0,0,1,0,0,1,0,0,0,0,0,1
176,0,0,0,0,0,0,0,1,0,1,1,0,0,0.0,0,0,1,0,0,0,0,1,1,0,0,0,0,0,1,0,0,0,0,0,1,0,0,0,0,0,1
729,0,0,0,0,0,0,0,0,0,0,1,0,1,0.0,0,0,0,0,0,0,0,0,0,0,0,0,0,0,0,0,0,0,1,0,0,0,0,1,1,0,0
725,0,0,0,0,0,0,0,0,0,0,1,0,1,0.0,0,0,0,0,0,0,0,0,0,0,0,0,0,0,0,0,0,0,1,0,0,0,0,1,1,0,0
299,9,0,0,0,0,1,1,1,0,8,1,1,0,0.0,2,1,0,0,1,0,2,1,0,1,0,0,0,0,1,0,0,0,0,0,1,0,0,0,0,0,1
482,3,0,0,0,0,0,2,1,0,3,1,1,0,16.62,3,2,0,2,0,0,10,0,0,1,0,1,0,1,1,0,0,0,0,1,0,0,0,0,0,0,1
1401,2,0,0,1,0,0,0,0,0,6,1,1,0,0.0,5,1,0,0,0,0,0,0,0,1,0,0,0,0,1,0,0,0,0,0,0,0,1,0,0,0,1
254,0,0,0,0,0,0,0,0,0,1,1,0,0,0.0,0,1,0,0,0,0,0,0,1,0,0,0,0,0,1,0,0,0,0,0,0,0,1,0,0,0,1
1299,1,0,0,0,0,2,1,0,2,2,1,0,0,0.0,2,1,0,0,0,0,0,1,1,0,0,0,0,0,0,0,0,1,0,0,0,0,1,0,0,0,1
469,6,0,0,1,0,1,21,1,0,2,1,1,0,0.0,13,1,0,0,0,0,3,0,0,1,0,0,0,2,0,0,0,1,0,0,1,0,0,0,0,0,1
1392,12,0,0,0,0,0,0,0,0,6,1,0,2,0.0,0,5,0,0,0,0,0,0,1,0,0,0,0,0,1,0,0,0,0,0,0,0,1,0,0,0,0
1014,0,0,0,0,0,3,1,0,0,0,1,1,0,0.0,4,1,0,0,0,0,17,0,0,1,0,0,0,0,1,0,0,0,0,0,0,0,1,0,0,0,1
0,0,0,0,3,0,0,1,0,0,0,1,0,0,0.0,0,1,0,0,0,0,1,0,0,0,0,1,0,0,0,0,1,0,0,0,0,0,1,0,0,0,1
1043,3,0,0,0,0,0,1,0,0,0,1,0,1,0.0,3,2,0,0,0,0,2,0,1,0,0,0,0,0,1,0,0,0,0,1,0,0,0,0,0,0,0
1698,14,0,0,0,0,0,3,0,0,2,1,1,0,0.0,3,1,0,0,0,0,0,1,0,1,0,0,0,1,0,0,0,1,0,0,0,0,1,0,0,0,1
0,0,0,1,0,0,0,0,0,0,0,1,0,0,0.0,0,0,0,0,0,0,0,0,1,0,0,0,0,0,1,0,0,0,0,0,0,0,1,0,1,0,1
1999,2,0,0,0,0,0,0,0,0,77,1,0,1,0.0,1,1,0,0,0,0,0,0,0,1,0,0,0,1,0,0,0,1,0,0,0,0,1,0,0,0,0
346,1,1,0,2,0,0,0,0,0,0,1,0,0,0.0,0,1,0,0,0,0,0,0,0,1,0,0,0,0,1,0,0,0,0,0,0,1,0,0,0,0,1
0,0,0,0,0,0,0,0,0,0,0,1,0,0,0.0,0,1,0,0,0,0,0,0,0,1,0,0,0,0,1,0,0,0,0,0,0,0,1,0,0,0,1
741,2,0,0,1,0,0,0,0,0,2,1,0,0,0.0,3,2,0,0,0,0,0,0,0,2,0,0,0,0,0,0,0,1,0,0,0,0,1,0,0,0,1
0,0,0,0,1,0,0,0,0,0,0,1,0,0,0.0,0,1,0,0,0,0,0,0,0,1,0,0,0,0,0,0,0,1,0,0,0,0,1,0,0,0,1
666,0,0,0,0,0,0,1,0,0,0,1,1,0,44.29,2,0,1,0,0,0,2,0,0,1,0,0,0,0,1,0,0,0,0,0,0,0,1,0,0,0,1
740,1,0,0,0,0,0,1,0,0,0,1,1,0,0.0,2,0,1,0,0,0,0,0,0,0,1,0,0,0,0,1,0,0,0,0,0,0,1,0,0,0,1
414,1,0,0,0,0,0,18,0,0,3,1,1,0,0.0,1,1,0,0,0,0,5,0,1,0,0,0,0,0,0,0,0,1,0,0,0,0,1,0,0,0,1
149,0,1,0,0,0,0,0,1,0,1,1,0,0,0.0,0,1,0,0,0,0,0,0,1,0,0,0,0,0,1,0,0,0,0,0,1,0,0,0,0,0,1
327,9,1,0,0,0,0,0,0,0,23,1,0,0,0.0,2,1,0,0,0,0,0,0,1,0,0,0,0,0,0,0,0,1,0,0,0,0,1,0,0,0,1
332,18,1,0,0,0,1,1,1,0,1,1,0,0,0.0,3,1,0,0,0,0,6,7,1,0,0,0,0,0,1,0,0,0,0,0,1,0,0,0,0,0,1
57,2,0,0,1,0,0,1,1,0,0,1,0,0,0.0,0,3,0,0,0,0,1,0,0,1,0,0,0,0,0,0,1,0,0,0,1,0,0,0,0,0,1
74,0,0,0,0,0,0,0,0,0,0,1,0,0,0.0,1,1,0,0,0,0,0,0,0,1,0,0,0,0,1,0,0,0,0,1,0,0,0,0,0,0,1
826,1,0,0,0,0,0,0,0,0,38,1,0,0,0.0,1,2,0,0,0,0,0,0,0,1,0,0,0,1,0,0,0,1,0,0,0,0,1,0,0,0,1
200,0,1,0,0,1,1,0,0,0,0,1,1,0,0.0,1,1,0,0,0,0,0,0,0,1,0,0,0,0,0,0,0,1,0,0,0,1,0,0,0,0,1
0,0,0,0,0,0,0,0,0,0,0,1,0,0,0.0,0,1,0,0,0,0,0,0,0,1,0,0,0,0,0,0,1,0,0,0,0,0,1,0,0,0,1
441,1,0,0,0,0,0,0,1,0,6,1,0,0,0.0,0,2,0,0,0,0,0,0,0,1,0,0,0,0,0,0,0,1,0,0,1,0,0,0,0,0,1
100,2,0,0,0,1,2,5,0,0,0,1,0,0,0.0,2,0,1,0,0,0,0,1,0,0,1,0,0,1,0,0,0,1,0,0,0,0,1,0,0,0,1
0,2,0,0,0,0,0,0,1,0,0,1,0,0,0.0,0,0,0,0,0,0,0,0,0,0,0,1,0,0,1,0,0,0,0,0,1,0,0,0,1,0,1
0,0,0,0,0,0,0,0,1,0,0,1,0,0,0.0,0,1,0,0,0,0,0,0,0,1,0,0,0,0,0,0,1,0,0,0,1,0,0,0,0,0,1
168,0,0,0,0,0,0,0,0,0,0,1,0,0,0.0,0,1,0,0,0,0,0,0,1,0,0,0,0,0,1,0,0,0,0,1,0,0,0,0,0,0,1
645,0,0,0,0,0,0,1,1,0,0,1,1,0,0.0,0,0,0,0,0,0,2,0,0,0,0,1,0,0,1,0,0,0,0,0,1,0,0,0,1,0,1
1213,0,0,0,0,0,0,0,0,0,5,1,0,1,0.0,0,1,0,0,0,0,0,0,0,1,0,0,0,0,0,0,1,0,0,0,0,0,1,0,0,0,0
29,0,0,0,0,0,0,1,1,0,2,1,0,0,0.0,0,1,0,0,0,0,1,0,0,1,0,0,0,0,0,0,1,0,0,0,1,0,0,0,0,0,1
763,10,0,0,0,0,1,0,1,0,37,1,0,0,0.0,3,2,0,0,0,0,0,0,0,1,0,0,0,0,1,0,0,0,0,0,1,0,0,0,0,0,1
96,5,0,0,0,0,0,1,1,0,1,1,1,0,0.0,0,0,1,0,0,0,4,0,0,1,0,0,0,0,1,0,0,0,0,0,1,0,0,0,0,0,1
1388,0,0,0,0,0,1,0,0,0,2,1,0,2,0.0,0,1,0,0,0,0,0,0,1,0,0,0,0,0,1,0,0,0,0,0,0,0,1,0,0,0,0
717,0,0,0,0,0,1,0,1,0,0,1,0,0,0.0,3,1,0,0,0,0,0,0,0,1,0,0,0,0,0,0,0,1,0,0,1,0,0,0,0,0,1
777,1,0,0,0,0,1,0,1,0,9,1,0,1,0.0,0,1,0,0,0,0,0,0,0,1,0,0,0,0,1,0,0,0,0,0,1,0,0,0,0,0,0
1226,2,0,0,0,0,1,0,1,0,0,1,0,0,0.0,1,2,0,0,0,0,1,0,0,2,0,0,0,0,1,0,0,0,0,0,1,0,0,0,0,0,1
648,0,1,0,0,0,0,0,0,0,0,1,0,1,0.0,1,1,0,0,0,0,0,0,0,1,0,0,0,0,1,0,0,0,0,1,0,0,0,0,0,0,0
1397,0,1,0,0,0,0,0,0,0,0,1,0,2,0.0,0,1,0,0,0,0,0,0,0,1,0,0,0,1,0,0,0,1,0,0,0,0,1,0,0,0,0
0,0,0,0,0,0,0,0,0,0,0,1,0,0,0.0,0,0,1,0,0,0,0,0,1,0,0,0,0,0,1,0,0,0,0,1,0,0,0,0,0,0,1
543,0,0,0,0,0,0,0,0,5,16,1,0,0,0.0,0,1,0,0,0,0,0,0,1,0,0,0,0,0,0,0,0,1,0,0,1,0,0,0,0,0,1
723,5,0,0,0,0,2,0,0,0,0,1,0,1,0.0,2,1,0,0,0,0,0,0,1,0,0,0,0,0,0,0,0,1,1,0,0,0,0,0,0,0,0
1079,1,0,0,0,0,0,2,0,0,0,1,0,0,0.0,1,1,0,0,0,0,2,0,0,1,0,0,0,0,0,0,0,1,0,0,0,0,1,0,0,0,1
110,0,0,0,0,0,0,0,0,0,1,1,0,0,0.0,0,2,0,0,0,0,0,0,0,1,0,0,0,0,0,0,0,1,0,0,0,0,1,0,0,0,1
1095,0,0,0,0,0,0,0,1,0,30,1,0,0,0.0,0,1,0,0,0,0,0,0,0,0,1,0,0,0,1,0,0,0,0,0,1,0,0,0,0,0,1
0,0,0,0,0,0,0,0,1,0,0,1,0,0,0.0,0,0,0,0,0,0,0,0,0,1,0,0,0,0,1,0,0,0,0,0,1,0,0,0,1,0,1
8,2,0,0,1,0,1,0,0,0,0,1,0,0,0.0,0,1,0,0,0,0,0,2,0,1,0,0,0,0,1,0,0,0,0,1,0,0,0,0,0,0,1
225,7,0,0,0,0,0,1,0,0,2,1,0,0,0.0,1,1,0,0,1,0,0,0,0,1,0,0,0,0,0,0,0,1,0,0,0,0,1,0,0,0,1
36,0,1,0,0,0,0,0,0,0,2,1,0,0,0.0,0,1,0,0,0,0,0,0,0,0,1,0,0,0,0,0,0,1,0,0,0,0,1,0,0,0,1
63,2,0,0,0,0,0,0,1,0,3,1,0,0,0.0,0,1,0,0,0,0,0,0,0,1,0,0,0,0,1,0,0,0,0,0,1,0,0,0,0,0,1
1890,0,0,0,0,0,0,1,0,1,8,1,0,2,0.0,0,1,0,0,0,0,1,0,0,1,0,0,0,0,0,0,0,1,0,0,0,0,1,0,0,0,0
0,0,0,0,0,0,0,0,1,0,0,1,0,0,0.0,0,1,0,0,0,0,0,0,1,0,0,0,0,0,1,0,0,0,0,0,1,0,0,0,0,0,1
0,0,0,0,2,0,0,0,0,0,0,1,0,0,0.0,0,1,0,0,0,0,0,0,0,1,0,0,0,0,1,0,0,0,0,0,0,0,1,0,0,0,1
1406,0,0,0,0,0,1,0,0,0,0,1,0,2,0.0,0,1,0,0,0,0,0,0,1,0,0,0,0,0,1,0,0,0,0,0,0,0,1,0,0,0,0
214,1,0,0,1,0,0,0,0,0,0,1,0,0,0.0,0,1,0,0,0,0,0,0,0,1,0,0,0,0,0,0,1,0,0,0,0,0,1,0,0,0,1
356,2,1,0,0,0,0,7,1,0,1,1,0,0,0.0,1,1,0,0,0,0,3,0,1,0,0,0,0,2,0,0,0,1,0,0,1,0,0,0,0,0,1
385,0,0,0,0,0,0,2,0,0,0,1,1,0,50.0,1,1,0,0,2,0,2,0,0,1,0,0,0,0,1,0,0,0,0,1,0,0,0,0,0,0,1
1002,5,0,0,0,0,0,0,1,1,38,1,0,0,0.0,1,2,0,0,0,0,0,1,0,1,0,0,0,0,1,0,0,0,0,0,1,0,0,0,0,0,1
736,0,0,0,0,0,0,1,1,0,0,1,1,0,0.0,0,1,0,0,0,0,1,0,1,0,0,0,0,1,1,0,0,0,0,0,1,0,0,0,0,0,1
920,1,0,0,0,0,0,1,0,0,2,1,1,1,0.0,2,1,0,0,0,0,4,0,0,1,0,0,0,0,1,0,0,0,0,1,0,0,0,0,0,0,0
834,0,1,0,0,0,0,5,0,0,1,1,1,0,0.0,1,1,0,0,0,0,1,0,0,3,0,0,0,0,0,0,1,0,0,0,0,0,1,0,0,0,1
184,2,0,0,0,0,0,1,0,0,10,1,1,0,0.0,3,1,0,0,0,0,1,0,0,1,0,0,0,0,1,0,0,0,0,1,0,0,0,0,0,0,1
1168,1,0,0,0,0,0,0,0,0,6,1,0,0,0.0,2,1,0,0,1,0,0,0,0,0,0,1,0,0,1,0,0,0,0,0,0,1,0,0,0,0,1
69,2,1,0,0,0,0,1,0,0,0,1,1,0,0.0,0,1,0,0,0,0,3,0,0,0,1,0,0,0,1,0,0,0,0,0,0,0,1,0,0,0,1
733,1,0,0,0,0,0,1,0,0,0,1,1,0,47.989999999999995,1,0,1,0,0,0,5,0,1,0,0,0,0,0,1,0,0,0,0,0,0,0,1,0,0,0,1
398,0,0,0,0,0,0,2,1,0,0,1,1,0,0.0,2,1,0,0,0,0,0,0,0,1,0,0,0,0,0,0,1,0,0,0,1,0,0,0,0,0,1
736,3,0,0,0,0,2,2,0,0,2,1,0,0,0.0,1,1,0,0,1,0,8,0,0,1,0,0,0,0,0,0,0,1,0,0,1,0,0,0,0,0,1
115,1,0,0,0,0,1,0,0,0,3,1,0,0,0.0,1,1,0,0,0,0,0,0,1,0,0,0,0,0,0,0,0,1,0,0,0,0,1,0,0,0,1
0,0,0,0,0,0,0,0,0,0,0,1,0,0,0.0,1,1,0,0,0,0,0,0,0,1,0,0,0,0,1,0,0,0,0,1,0,0,0,0,0,0,1
60,6,0,0,0,0,0,0,0,1,0,1,0,0,0.0,0,1,0,0,1,0,0,0,0,1,0,0,0,0,0,0,0,1,0,0,0,0,1,0,0,0,1
857,3,0,0,0,0,0,0,0,0,9,1,0,0,0.0,0,2,0,0,0,0,0,1,0,0,1,0,0,0,1,0,0,0,0,0,0,0,1,0,0,0,1
981,3,0,0,0,0,1,0,1,0,2,1,0,1,0.0,3,1,0,0,0,0,0,0,0,0,1,0,0,1,1,0,0,0,0,0,1,0,0,0,0,0,0
72,0,0,0,0,0,0,5,0,0,0,1,1,0,20.0,1,1,0,0,0,0,1,0,1,0,0,0,0,0,0,0,0,1,0,0,0,0,1,0,0,0,1
0,0,0,0,0,0,0,0,1,0,0,1,0,0,0.0,0,1,0,0,0,0,0,0,0,0,1,0,0,0,1,0,0,0,0,0,1,0,0,0,0,0,1
90,1,0,0,0,0,1,1,0,0,0,1,0,0,0.0,1,1,0,0,0,0,3,0,1,0,0,0,0,1,1,0,0,0,0,1,0,0,0,0,0,0,1
719,0,0,0,0,0,0,0,0,0,0,1,0,1,0.0,0,1,0,0,0,0,0,0,0,1,0,0,0,0,1,0,0,0,0,1,0,0,0,0,0,0,0
648,0,0,0,2,0,0,0,0,0,0,1,0,1,0.0,0,1,0,0,0,0,0,0,0,1,0,0,0,0,0,0,1,0,0,0,0,0,1,0,0,0,0
33,1,0,0,0,0,0,1,0,0,0,1,1,0,0.0,0,1,0,0,0,0,1,0,0,1,0,0,0,0,1,0,0,0,0,1,0,0,0,0,0,0,1
81,2,0,0,0,0,0,0,0,0,0,1,0,0,0.0,0,0,1,0,0,0,0,0,0,1,0,0,0,0,0,0,0,1,0,0,0,0,1,0,0,0,1
0,0,0,0,0,0,0,0,0,0,0,1,0,0,0.0,1,1,0,0,0,0,0,0,0,1,0,0,0,0,1,0,0,0,0,1,0,0,0,0,0,0,1
767,2,0,1,0,1,4,1,1,0,0,1,1,0,0.0,9,1,0,0,0,0,5,1,0,1,0,0,0,0,1,0,0,0,0,0,1,0,0,0,0,0,1
1799,1,0,0,0,0,0,0,0,0,6,1,0,0,0.0,3,1,0,0,0,0,0,0,1,0,0,0,0,0,1,0,0,0,0,0,0,0,1,0,0,0,1
968,16,0,0,0,0,1,3,1,9,4,1,1,1,20.0,4,3,0,0,0,0,9,0,0,1,0,0,0,0,1,0,0,0,0,0,1,0,0,0,0,0,0
236,1,0,0,0,0,0,0,0,0,0,1,0,0,0.0,0,1,0,0,0,0,0,0,0,0,1,0,0,2,0,1,0,0,0,0,0,0,1,0,0,0,1
823,6,0,0,0,0,1,9,0,0,7,1,1,0,34.79,0,1,0,0,0,0,3,2,1,0,0,0,0,0,0,0,0,1,0,0,0,1,0,0,0,0,1
0,0,0,0,0,0,0,0,0,0,0,1,0,0,0.0,0,0,0,0,0,0,0,0,0,0,0,0,0,0,0,0,0,1,0,0,0,0,1,1,1,0,1
1093,4,0,0,0,0,0,10,0,0,4,1,0,0,0.0,1,1,0,0,0,0,8,1,1,0,0,0,0,1,0,0,0,1,0,0,0,0,1,0,0,0,1
307,0,0,0,0,0,0,1,0,0,0,1,1,0,0.0,0,1,0,0,0,0,0,0,1,0,0,0,0,0,0,0,0,1,0,0,0,0,1,0,0,0,1
354,0,0,0,0,0,0,0,0,0,2,1,0,0,0.0,0,1,0,0,0,0,0,0,0,0,0,1,0,0,1,0,0,0,0,1,0,0,0,0,0,0,1
826,0,0,0,0,0,0,0,0,0,4,1,0,1,0.0,0,1,0,0,0,0,0,0,0,1,0,0,0,0,1,0,0,0,0,1,0,0,0,0,0,0,0
1386,1,0,0,0,0,0,0,0,0,0,1,0,2,0.0,2,0,1,0,0,0,0,0,0,1,0,0,0,1,0,0,0,1,0,0,0,0,1,0,0,0,0
0,0,0,0,0,0,0,0,0,0,0,1,0,0,0.0,0,1,0,0,0,0,0,0,0,0,0,1,0,0,1,0,0,0,0,1,0,0,0,0,0,0,1
654,0,0,0,0,0,1,5,0,0,2,1,0,0,0.0,0,1,0,0,0,0,2,0,1,0,0,0,0,1,0,0,0,1,0,0,0,0,1,0,0,0,1
20,0,0,0,0,0,0,0,0,0,0,1,0,0,0.0,0,1,0,0,0,0,0,0,0,1,0,0,0,0,1,0,0,0,0,0,0,0,1,0,0,0,1
328,0,0,0,0,0,1,1,0,0,3,1,0,0,0.0,2,1,0,0,0,0,1,0,0,1,0,0,0,2,0,0,0,1,0,0,0,0,1,0,0,0,1
965,3,0,0,0,0,1,0,0,0,2,1,0,1,0.0,3,1,1,0,0,0,0,0,0,1,0,0,0,0,1,0,0,0,0,1,0,0,0,0,0,0,0
595,4,0,0,0,0,0,3,0,0,0,1,1,0,100.0,2,1,0,0,0,0,10,0,0,0,1,0,0,0,1,0,0,0,0,0,0,0,1,0,0,0,1
1329,0,0,0,0,0,0,0,0,0,206,1,0,0,0.0,1,1,0,0,0,0,0,0,0,1,0,0,0,0,1,0,0,0,0,1,0,0,0,0,0,0,1
284,6,0,0,0,1,3,1,1,0,8,1,0,0,0.0,7,1,0,0,0,0,3,1,0,1,0,0,0,0,1,0,0,0,0,0,1,0,0,0,0,0,1
0,0,0,0,0,0,1,0,1,0,0,1,0,0,0.0,0,1,0,0,0,0,0,0,0,1,0,0,0,0,1,0,0,0,0,0,1,0,0,0,0,0,1
0,0,0,1,0,0,0,0,0,0,0,1,0,0,0.0,0,0,0,0,0,0,0,0,1,0,0,0,0,0,0,0,1,0,0,0,0,0,1,0,0,1,1
38,0,0,0,0,0,0,0,0,0,5,1,0,0,0.0,0,1,0,0,0,0,0,0,0,1,0,0,0,0,1,0,0,0,0,1,0,0,0,0,0,0,1
1403,1,0,0,0,0,0,0,0,0,4,1,0,2,0.0,0,1,0,0,0,0,0,0,0,0,0,1,0,0,1,0,0,0,0,0,0,0,1,0,0,0,0
746,5,0,0,0,0,1,0,0,0,21,1,0,1,0.0,3,2,0,0,0,0,1,1,2,0,0,0,0,0,1,0,0,0,0,0,0,0,1,0,0,0,0
905,6,0,0,0,0,1,1,0,0,0,1,1,1,0.0,3,0,0,0,0,0,2,0,0,1,0,0,0,1,1,0,0,0,1,0,0,0,0,0,1,0,0
672,2,0,0,0,0,5,3,0,0,0,1,0,0,0.0,5,1,0,0,1,0,2,0,0,1,0,0,0,1,0,0,0,1,0,0,0,0,1,0,0,0,1
0,0,0,0,0,0,1,0,0,0,0,1,0,0,0.0,0,1,0,0,0,0,0,0,0,1,0,0,0,0,1,0,0,0,0,1,0,0,0,0,0,0,1
0,0,0,0,0,0,0,0,0,0,0,1,0,0,0.0,0,1,0,0,0,0,0,0,0,1,0,0,0,0,1,0,0,0,0,1,0,0,0,0,0,0,1
729,0,0,0,0,0,0,0,0,0,0,1,0,1,0.0,0,1,0,0,0,0,0,0,0,1,0,0,0,0,1,0,0,0,0,1,0,0,0,0,0,0,0
2,0,0,0,0,0,0,0,0,0,0,1,0,0,0.0,0,1,0,0,0,0,0,0,1,0,0,0,0,0,0,0,1,0,0,0,0,0,1,0,0,0,1
648,0,0,0,0,0,1,0,0,0,3,1,0,1,0.0,2,1,0,0,0,0,0,0,1,0,0,0,0,0,1,0,0,0,0,1,0,0,0,0,0,0,0
41,2,0,0,0,0,0,3,0,0,2,1,1,0,0.0,1,1,0,0,0,0,0,0,0,1,0,0,0,0,0,1,0,0,0,0,0,0,1,0,0,0,1
1839,1,0,0,0,0,0,0,0,0,1,1,0,1,0.0,3,3,0,0,0,0,0,0,0,1,0,0,0,0,0,0,0,1,0,0,0,0,1,0,0,0,0
47,0,1,0,0,0,1,0,0,0,1,1,1,0,0.0,1,1,0,0,1,0,0,0,0,1,0,0,0,0,1,0,0,0,0,0,0,0,1,0,0,0,1
1195,4,0,0,0,0,0,0,0,0,7,1,0,1,0.0,2,1,0,0,0,0,0,0,0,1,0,0,0,1,0,0,1,0,0,0,0,0,1,0,0,0,0
278,0,1,0,0,1,3,0,0,0,0,1,0,0,0.0,0,1,0,0,0,0,0,0,0,1,0,0,0,0,1,0,0,0,0,1,0,0,0,0,0,0,1
74,2,1,0,0,0,0,0,0,0,1,1,0,0,0.0,0,1,0,0,0,0,0,0,0,1,0,0,0,0,1,0,0,0,0,0,0,0,1,0,0,0,1
472,0,0,0,0,0,0,0,1,0,2,1,0,0,0.0,0,2,0,0,0,0,0,0,0,0,0,1,0,0,1,0,0,0,0,0,1,0,0,0,0,0,1
251,2,1,0,0,0,1,15,0,0,0,1,1,0,0.0,1,2,0,0,0,0,6,1,0,0,1,0,0,0,0,0,0,1,0,0,0,0,1,0,0,0,1
1396,0,0,0,0,0,1,0,1,0,6,1,0,2,0.0,0,2,0,0,0,0,0,0,1,0,0,0,0,0,1,0,0,0,0,0,1,0,0,0,0,0,0
0,0,0,0,0,0,0,0,0,0,0,1,0,0,0.0,0,1,0,0,0,0,0,0,0,1,0,0,0,0,0,0,0,1,1,0,0,0,0,0,0,0,1
0,0,1,0,2,0,0,0,0,0,0,1,0,0,0.0,0,1,0,0,0,0,0,0,0,1,0,0,0,0,1,0,0,0,1,0,0,0,0,0,0,0,1
140,0,0,0,0,0,0,0,1,0,3,1,0,0,0.0,0,3,0,0,0,0,0,0,0,1,0,0,0,0,0,0,0,1,0,0,1,0,0,0,0,0,1
0,0,0,0,0,0,0,0,1,0,0,1,0,0,0.0,0,1,0,0,0,0,0,0,0,1,0,0,0,0,0,0,0,1,0,0,1,0,0,0,0,0,1
88,1,0,0,0,0,0,1,0,0,1,1,1,0,0.0,1,1,0,0,0,0,0,0,0,1,0,0,0,0,0,0,1,0,0,0,0,0,1,0,0,0,1
736,1,0,0,0,0,1,0,0,0,8,1,0,0,0.0,0,1,0,0,0,0,0,0,0,1,0,0,0,0,1,0,0,0,0,1,0,0,0,0,0,0,1
730,0,1,0,0,0,0,0,0,0,55,1,0,1,0.0,1,1,0,0,0,0,2,0,0,1,0,0,0,0,1,0,0,0,0,1,0,0,0,0,0,0,0
0,0,0,0,0,0,0,0,0,0,0,1,0,0,0.0,0,2,0,0,0,0,0,0,1,0,0,0,0,0,0,0,1,0,0,0,1,0,0,0,0,0,1
683,0,0,1,0,0,0,0,0,0,0,1,1,0,0.0,2,0,0,0,0,0,0,0,1,0,0,0,0,0,1,0,0,0,0,1,0,0,0,0,0,1,1
261,0,0,0,1,0,0,0,1,0,2,1,0,0,0.0,0,1,0,0,0,0,0,0,0,1,0,0,0,0,1,0,0,0,0,0,1,0,0,0,0,0,1
81,3,0,0,2,0,2,1,0,1,0,1,0,0,0.0,1,1,0,0,2,0,0,0,0,1,0,0,0,0,0,0,0,1,0,0,0,0,1,0,0,0,1
1310,0,0,0,1,0,0,12,0,0,5,1,1,0,0.0,6,2,0,0,0,0,7,0,2,0,0,0,0,0,0,0,0,1,0,0,1,0,0,0,0,0,1
723,0,0,0,0,0,0,0,1,0,0,1,0,1,0.0,0,1,0,0,0,0,0,0,0,1,0,0,0,0,1,0,0,0,0,0,1,0,0,0,0,0,0
983,1,0,0,0,0,0,0,0,0,2,1,0,0,0.0,0,1,0,0,0,0,0,0,0,1,0,0,0,1,0,0,0,1,0,0,0,0,1,0,0,0,1
49,0,0,0,0,0,0,1,1,0,0,1,1,0,0.0,0,1,0,0,0,0,3,0,1,0,0,0,0,0,1,0,0,0,1,0,0,0,0,0,0,0,1
289,5,0,0,0,0,0,6,0,0,0,1,0,0,0.0,2,1,0,0,0,0,3,0,0,1,0,0,0,0,0,0,0,1,0,0,0,0,1,0,0,0,1
0,0,0,0,0,0,0,0,0,0,0,1,0,0,0.0,0,1,0,0,0,0,0,0,0,1,0,0,0,0,0,0,1,0,0,0,0,1,0,0,0,0,1
683,2,0,0,0,0,0,5,1,0,0,1,1,0,0.0,2,1,0,0,0,0,1,0,1,0,0,0,0,1,0,0,1,0,0,0,1,0,0,0,0,0,1
183,0,0,0,0,0,0,0,1,0,2,1,0,0,0.0,0,1,0,0,0,0,0,0,1,0,0,0,0,0,1,0,0,0,0,0,1,0,0,0,0,0,1
1112,0,0,0,0,0,0,0,0,1,3,1,0,1,0.0,0,2,0,0,0,0,0,0,0,1,0,0,0,0,1,0,0,0,0,0,0,0,1,0,0,0,0
255,2,0,0,0,0,0,0,0,0,20,1,0,0,0.0,0,1,0,0,0,0,0,0,0,1,0,0,0,0,0,0,0,1,0,0,0,0,1,0,0,0,1
937,34,0,0,0,0,9,32,0,0,6,1,1,1,0.0,19,1,0,0,0,0,9,2,0,2,0,0,0,0,0,0,0,1,0,0,0,0,1,0,0,0,0
715,0,0,0,0,0,0,0,0,0,0,1,0,1,0.0,1,1,0,0,0,0,0,0,1,0,0,0,0,0,0,0,0,1,1,0,0,0,0,0,0,0,0
746,3,0,0,0,0,1,1,0,0,0,1,1,0,0.0,0,1,0,0,0,0,3,2,0,1,0,0,0,0,1,0,0,0,0,1,0,0,0,0,0,0,1
1398,6,0,0,0,0,0,0,0,0,7,1,0,2,0.0,0,2,0,0,0,0,0,0,0,1,0,0,0,0,1,0,0,0,0,0,0,0,1,0,0,0,0
86,1,0,0,0,0,0,0,1,0,0,1,0,0,0.0,0,2,0,0,0,0,0,1,1,0,0,0,0,0,1,0,0,0,0,0,1,0,0,0,0,0,1
0,0,0,0,0,0,0,0,0,0,0,1,0,0,0.0,1,1,0,0,0,0,0,0,0,0,1,0,0,0,1,0,0,0,0,0,0,0,1,0,0,0,1
55,6,0,0,0,0,1,0,0,0,1,1,0,0,0.0,5,0,1,0,0,0,0,1,0,1,0,0,0,0,1,0,0,0,0,0,0,0,1,0,0,0,1
0,2,0,0,0,0,0,0,1,0,0,1,0,0,0.0,0,1,0,0,0,0,0,0,0,1,0,0,0,0,0,0,0,1,0,0,1,0,0,0,0,0,1
583,0,0,0,0,0,0,0,1,0,42,1,0,0,0.0,0,1,0,0,0,0,0,0,0,1,0,0,0,0,1,0,0,0,0,0,1,0,0,0,0,0,1
0,0,0,0,3,0,0,0,0,0,0,1,0,0,0.0,0,1,0,0,0,0,0,0,0,1,0,0,0,0,1,0,0,0,0,1,0,0,0,0,0,0,1
0,1,0,0,0,0,0,0,1,0,0,1,0,0,0.0,0,1,0,0,0,0,0,0,0,1,0,0,0,0,1,0,0,0,0,0,1,0,0,0,0,0,1
655,0,0,0,0,0,0,0,0,0,0,1,0,1,0.0,0,1,0,0,0,0,0,0,0,1,0,0,0,0,1,0,0,0,0,0,0,0,1,0,0,0,0
1145,4,0,0,0,0,0,0,0,0,6,1,0,1,0.0,2,1,0,0,0,0,0,0,0,1,0,0,0,1,0,1,0,0,0,0,0,0,1,0,0,0,0
531,0,0,0,0,0,0,0,0,0,1,1,0,0,0.0,0,1,0,0,0,0,0,0,0,1,0,0,0,0,1,0,0,0,0,0,0,0,1,0,0,0,1
98,6,0,0,0,0,0,8,0,2,0,1,1,0,0.0,0,1,0,0,0,1,2,3,0,1,0,0,0,0,0,0,1,0,0,0,0,0,1,0,0,0,1
337,0,0,0,0,0,0,0,0,0,3,1,0,0,0.0,0,1,0,0,0,0,0,0,0,1,0,0,0,1,0,0,0,1,0,0,0,0,1,0,0,0,1
8,0,0,0,0,0,0,0,0,0,0,1,0,0,0.0,0,1,0,0,0,0,0,0,1,0,0,0,0,0,1,0,0,0,0,0,0,0,1,0,0,0,1
639,1,0,0,0,0,2,1,0,0,6,1,1,0,0.0,2,1,0,0,0,0,2,0,0,2,0,0,0,0,1,0,0,0,0,1,0,0,0,0,0,0,1
152,0,0,0,0,0,0,0,0,0,1,1,0,0,0.0,0,1,0,0,0,0,0,0,1,0,0,0,0,1,0,0,0,1,0,0,0,1,0,0,0,0,1
778,2,0,0,0,0,0,0,0,0,0,1,0,0,0.0,1,1,0,0,0,0,0,0,0,0,1,0,0,0,1,0,0,0,0,0,0,0,1,0,0,0,1
519,0,0,0,1,0,0,0,0,0,5,1,0,0,0.0,0,1,0,0,0,0,0,0,0,1,0,0,0,0,0,0,0,1,0,0,1,0,0,0,0,0,1
12,0,0,0,0,1,1,0,0,0,0,1,0,0,0.0,3,0,1,0,0,0,0,0,1,0,0,0,0,0,1,0,0,0,0,1,0,0,0,0,0,0,1
729,0,0,0,0,0,0,0,0,0,4,1,0,1,0.0,0,1,0,0,0,0,0,0,0,1,0,0,0,0,1,0,0,0,0,0,0,0,1,0,0,0,0
0,0,0,0,0,0,1,0,0,0,0,1,0,0,0.0,1,1,0,0,0,0,0,0,0,1,0,0,0,0,1,0,0,0,0,0,0,0,1,0,0,0,1
663,0,0,0,0,0,0,0,1,0,0,1,1,1,0.0,0,0,1,0,0,0,0,0,0,0,1,0,0,0,1,0,0,0,0,0,1,0,0,0,0,0,0
740,0,0,0,0,0,0,1,0,0,0,1,1,0,0.0,3,1,1,0,0,0,2,1,0,0,1,0,0,0,1,0,0,0,0,0,0,0,1,0,0,0,1
526,3,0,0,0,0,0,7,0,0,0,1,1,0,0.0,0,1,0,2,1,0,0,0,0,1,0,0,0,0,0,0,0,1,0,0,0,0,1,0,0,0,1
9,0,0,0,0,0,0,1,1,0,0,1,0,0,0.0,1,1,0,2,0,0,0,0,0,1,0,0,0,0,1,0,0,0,0,0,1,0,0,0,0,0,1
41,1,0,0,0,0,0,0,0,0,2,1,0,0,0.0,0,1,0,0,0,0,0,0,1,0,0,0,0,0,1,0,0,0,0,0,0,0,1,0,0,0,1
652,1,0,0,0,0,0,0,0,0,11,1,0,1,0.0,0,1,0,0,0,0,0,0,0,1,0,0,0,0,1,0,0,0,1,0,0,0,0,0,0,0,0
0,0,0,0,0,0,0,0,0,0,0,1,0,0,0.0,0,1,0,0,0,0,0,0,0,1,0,0,0,0,1,0,0,0,0,0,0,0,1,0,0,0,1
603,0,0,0,0,0,0,1,1,0,2,1,1,0,0.0,4,1,0,0,0,0,0,0,0,1,0,0,0,0,0,0,0,1,0,0,1,0,0,0,0,0,1
0,1,0,0,0,0,1,0,0,0,0,1,0,0,0.0,1,1,0,0,0,0,0,0,0,1,0,0,0,0,1,0,0,0,0,0,0,0,1,0,0,0,1
168,3,0,0,0,0,0,0,0,0,4,1,1,0,0.0,1,1,0,0,0,0,0,0,0,1,0,0,0,0,1,0,0,0,0,1,0,0,0,0,0,0,1
0,0,0,0,0,0,1,0,0,0,0,1,0,0,0.0,0,0,0,0,0,0,0,0,0,1,0,0,0,0,0,0,0,1,0,0,1,0,0,0,0,1,1
414,4,0,0,0,0,0,0,0,0,4,1,0,0,0.0,1,1,0,0,0,0,0,0,0,1,0,0,0,0,1,0,0,0,0,0,0,1,0,0,0,0,1
733,0,0,0,0,0,0,0,0,0,0,1,0,1,0.0,0,1,0,0,0,0,0,0,0,1,0,0,0,0,0,1,0,0,0,0,0,0,1,0,0,0,0
42,0,0,0,0,0,0,0,1,0,1,1,0,0,0.0,0,1,0,0,0,0,0,0,1,0,0,0,0,0,1,0,0,0,0,0,1,0,0,0,0,0,1
731,0,0,0,0,0,0,0,0,0,5,1,0,1,0.0,1,1,0,0,0,0,0,0,1,1,0,0,0,0,1,0,0,0,0,1,0,0,0,0,0,0,0
1160,8,0,0,1,0,1,0,0,0,1,1,1,0,0.0,4,1,0,0,0,0,0,1,0,1,0,0,0,0,1,0,0,0,0,0,0,0,1,0,0,0,1
390,0,1,0,0,0,0,0,0,0,6,1,0,0,0.0,0,1,0,0,0,0,0,0,1,0,0,0,0,0,1,0,0,0,0,1,0,0,0,0,0,0,1
986,12,0,0,0,0,1,1,1,0,7,1,1,0,0.0,1,1,0,0,0,0,4,1,0,1,0,0,1,0,1,0,0,0,0,0,1,0,0,0,0,0,1
0,0,0,0,0,0,0,0,1,0,0,1,0,0,0.0,0,1,0,0,0,0,0,0,0,1,0,0,0,0,0,0,0,1,0,0,1,0,0,0,0,0,1
110,0,0,0,0,0,0,0,0,0,0,1,1,0,0.0,1,0,1,0,0,0,0,0,1,0,0,0,0,0,1,0,0,0,0,0,0,0,1,0,0,0,1
615,3,0,0,0,0,0,1,0,0,10,1,0,0,0.0,0,1,0,0,1,0,0,0,0,1,0,0,0,0,0,0,0,1,0,0,0,0,1,0,0,0,1
730,0,0,0,0,0,0,0,0,0,0,1,0,1,0.0,0,1,0,0,0,0,0,0,0,1,0,0,0,0,1,0,0,0,0,0,0,0,1,0,0,0,0
319,0,0,0,0,0,0,0,0,0,5,1,0,0,0.0,1,1,0,0,0,0,0,0,1,0,0,0,0,0,1,0,0,0,0,1,0,0,0,0,0,0,1
882,0,0,0,0,0,0,1,0,0,1,1,1,0,0.0,1,1,0,0,0,0,5,0,0,1,0,0,0,2,1,0,0,0,0,0,0,0,1,0,0,0,1
752,0,0,0,0,0,0,0,0,0,0,1,0,1,0.0,2,0,0,0,0,0,0,0,0,0,0,0,0,0,1,0,0,0,1,0,0,0,0,1,1,0,0
1855,1,0,0,0,0,0,0,0,0,0,1,0,2,0.0,0,1,0,0,0,0,0,0,0,1,0,0,0,0,1,0,0,0,0,1,0,0,0,0,0,0,0
1402,0,0,0,0,0,0,0,1,0,2,1,0,2,0.0,0,1,0,0,0,0,0,0,1,0,0,0,0,0,0,1,0,0,0,0,1,0,0,0,0,0,0
106,1,0,0,0,0,0,0,1,0,2,1,0,0,0.0,0,1,0,0,0,0,0,0,1,0,0,0,0,0,1,0,0,0,0,0,1,0,0,0,0,0,1
0,0,1,0,0,0,2,0,0,0,0,1,0,0,0.0,1,0,1,0,0,0,0,0,0,1,0,0,0,0,1,0,0,0,0,1,0,0,0,0,0,0,1
100,0,0,0,0,0,0,0,0,0,5,1,0,0,0.0,0,1,0,0,0,0,0,0,0,1,0,0,0,0,1,0,0,0,0,1,0,0,0,0,0,0,1
197,0,0,0,0,0,0,1,0,0,0,1,1,0,0.0,3,1,0,0,0,0,3,0,0,1,0,0,0,0,1,0,0,0,0,0,0,0,1,0,0,0,1
1399,0,0,0,1,0,1,0,0,0,26,1,0,2,0.0,2,1,0,0,0,0,0,0,0,1,0,0,0,0,1,0,0,0,0,1,0,0,0,0,0,0,0
126,0,0,0,0,0,0,0,1,0,2,1,0,0,0.0,0,1,0,0,0,0,0,0,0,1,0,0,0,0,1,0,0,0,0,0,1,0,0,0,0,0,1
156,1,0,0,0,0,0,1,1,0,1,1,0,0,0.0,0,1,0,0,0,0,0,1,0,1,0,0,0,0,0,0,0,1,0,0,1,0,0,0,0,0,1
401,1,1,0,0,0,1,1,0,0,0,1,1,0,20.0,0,1,0,0,0,0,3,0,0,1,0,0,0,0,1,0,0,0,0,0,0,0,1,0,0,0,1
36,1,0,0,0,0,0,0,1,0,1,1,0,0,0.0,0,1,0,0,0,0,0,0,0,1,0,0,0,0,1,0,0,0,0,0,1,0,0,0,0,0,1
250,29,0,0,1,0,1,10,0,0,0,1,1,0,0.0,14,1,0,0,0,0,3,4,1,1,0,0,0,1,0,0,0,1,0,0,1,0,0,0,0,0,1
778,0,0,0,0,0,0,0,0,0,5,1,1,0,0.0,1,1,0,0,0,0,0,0,0,1,0,0,0,2,0,0,0,1,0,0,0,0,1,0,0,0,1
1396,1,0,0,0,0,0,0,0,0,3,1,0,2,0.0,0,1,0,0,0,0,0,0,0,1,0,0,0,0,1,0,0,0,0,0,0,0,1,0,0,0,0
774,1,0,0,0,0,1,1,0,0,0,1,1,0,0.0,0,1,0,0,1,0,1,1,0,1,0,0,0,0,1,0,0,0,0,1,0,0,0,0,0,0,1
0,0,0,0,0,0,0,0,0,0,0,1,0,0,0.0,0,1,0,0,0,0,0,0,0,1,0,0,0,0,1,0,0,0,0,1,0,0,0,0,0,0,1
692,1,0,0,0,0,0,1,0,0,0,1,1,0,0.0,1,1,0,0,0,0,4,0,0,1,0,0,0,0,1,0,0,0,0,0,0,0,1,0,0,0,1
147,0,0,0,0,0,0,0,0,0,0,1,0,0,0.0,0,1,0,0,0,0,0,0,0,0,1,0,0,0,1,0,0,0,0,0,0,0,1,0,0,0,1
0,0,0,0,0,0,0,0,1,0,0,1,0,0,0.0,0,5,0,0,0,0,0,0,1,0,0,0,0,0,1,0,0,0,0,0,1,0,0,0,0,0,1
1431,0,0,0,0,0,0,3,0,0,0,1,1,0,0.0,0,2,0,0,0,0,0,0,0,0,1,0,1,0,0,0,0,1,0,0,0,0,1,0,0,0,1
266,0,0,0,0,0,0,1,0,0,0,1,1,0,0.0,0,1,0,0,0,0,0,0,0,1,0,0,0,0,0,0,0,1,0,0,1,0,0,0,0,0,1
